{"type": "FeatureCollection", "name": "road_takhli", "crs": {"type": "name", "properties": {"name": "urn:ogc:def:crs:OGC:1.3/CRS84"}}, "features": [{"type": "Feature", "properties": {"roadId": "Rd-0001", "name": "พหลโยธิน ตาคลี-ตากฟ้า", "nameStatus": "ok", "roadType": "ลาดยาง", "lengthM": 4967.3}, "geometry": {"type": "LineString", "coordinates": [[100.3189184, 15.2598751], [100.3303927, 15.263015], [100.332358, 15.2635528], [100.3350627, 15.2642927], [100.3387399, 15.2652988], [100.3435957, 15.264745], [100.3436785, 15.2647629], [100.3494986, 15.2668917], [100.3630868, 15.2716983]]}}, {"type": "Feature", "properties": {"roadId": "Rd-0002", "name": "ทางฯ", "nameStatus": "ok", "roadType": "ค.ส.ล.", "lengthM": 176.6}, "geometry": {"type": "LineString", "coordinates": [[100.3276138, 15.2622581], [100.3273894, 15.2630646], [100.3273923, 15.26317], [100.3272179, 15.2633021], [100.3268553, 15.2635671]]}}, {"type": "Feature", "properties": {"roadId": "Rd-0003", "name": "ทาง ฯ", "nameStatus": "ok", "roadType": "ค.ส.ล.", "lengthM": 208.4}, "geometry": {"type": "LineString", "coordinates": [[100.3279021, 15.2623321], [100.3275531, 15.2635205], [100.327048, 15.263944]]}}, {"type": "Feature", "properties": {"roadId": "Rd-0004", "name": null, "nameStatus": "missing", "roadType": "ค.ส.ล.", "lengthM": 476.5}, "geometry": {"type": "LineString", "coordinates": [[100.3265022, 15.2628854], [100.3268426, 15.2635491], [100.3284552, 15.2667524]]}}, {"type": "Feature", "properties": {"roadId": "Rd-0005", "name": "ทาง ฯ", "nameStatus": "ok", "roadType": "ค.ส.ล.", "lengthM": 74.3}, "geometry": {"type": "LineString", "coordinates": [[100.3270388, 15.2624612], [100.3268623, 15.262596], [100.3265022, 15.2628854]]}}, {"type": "Feature", "properties": {"roadId": "Rd-0006", "name": "ทาง ฯ", "nameStatus": "ok", "roadType": "ค.ส.ล.", "lengthM": 87.0}, "geometry": {"type": "LineString", "coordinates": [[100.3268623, 15.262596], [100.3272179, 15.2633021]]}}, {"type": "Feature", "properties": {"roadId": "Rd-0007", "name": "ถาวโร4", "nameStatus": "ok", "roadType": "ค.ส.ล.", "lengthM": 171.0}, "geometry": {"type": "LineString", "coordinates": [[100.3298887, 15.2644179], [100.3312772, 15.265175]]}}, {"type": "Feature", "properties": {"roadId": "Rd-0008", "name": "ถาวโร5", "nameStatus": "ok", "roadType": "ค.ส.ล.", "lengthM": 156.5}, "geometry": {"type": "LineString", "coordinates": [[100.3297814, 15.2648957], [100.3310524, 15.2655881]]}}, {"type": "Feature", "properties": {"roadId": "Rd-0009", "name": "ถาวโร6", "nameStatus": "ok", "roadType": "ค.ส.ล.", "lengthM": 144.9}, "geometry": {"type": "LineString", "coordinates": [[100.329727, 15.2652391], [100.3309023, 15.2658828]]}}, {"type": "Feature", "properties": {"roadId": "Rd-0010", "name": null, "nameStatus": "missing", "roadType": "ค.ส.ล.", "lengthM": 197.5}, "geometry": {"type": "LineString", "coordinates": [[100.330712, 15.2661578], [100.3307591, 15.2661397], [100.3309023, 15.2658821], [100.3310522, 15.2655885], [100.331264, 15.2652032], [100.3314841, 15.2647849], [100.3315974, 15.2646075]]}}, {"type": "Feature", "properties": {"roadId": "Rd-0011", "name": "ซ.ถาวโร", "nameStatus": "ok", "roadType": "ค.ส.ล.", "lengthM": 449.9}, "geometry": {"type": "LineString", "coordinates": [[100.3303198, 15.2631767], [100.3300713, 15.2636542], [100.3300114, 15.2638293], [100.3299714, 15.2640202], [100.3298871, 15.264414], [100.3297807, 15.2648948], [100.3296603, 15.2655705], [100.3292012, 15.2670786]]}}, {"type": "Feature", "properties": {"roadId": "Rd-0012", "name": "ทาง", "nameStatus": "ok", "roadType": "ค.ส.ล.", "lengthM": 139.0}, "geometry": {"type": "LineString", "coordinates": [[100.3295256, 15.2660689], [100.3306679, 15.2666586]]}}, {"type": "Feature", "properties": {"roadId": "Rd-0014", "name": null, "nameStatus": "missing", "roadType": "ค.ส.ล.", "lengthM": 142.8}, "geometry": {"type": "LineString", "coordinates": [[100.3285593, 15.2664083], [100.3289477, 15.2671975], [100.3291322, 15.2675726]]}}, {"type": "Feature", "properties": {"roadId": "Rd-0015", "name": null, "nameStatus": "missing", "roadType": "ค.ส.ล.", "lengthM": 26.0}, "geometry": {"type": "LineString", "coordinates": [[100.3284559, 15.2667523], [100.328679, 15.2666612]]}}, {"type": "Feature", "properties": {"roadId": "Rd-0016", "name": null, "nameStatus": "missing", "roadType": "ค.ส.ล.", "lengthM": 266.5}, "geometry": {"type": "LineString", "coordinates": [[100.3288112, 15.266304], [100.3290739, 15.2668306], [100.3292009, 15.2670785], [100.3299755, 15.2684307]]}}, {"type": "Feature", "properties": {"roadId": "Rd-0017", "name": null, "nameStatus": "missing", "roadType": "ค.ส.ล.", "lengthM": 30.2}, "geometry": {"type": "LineString", "coordinates": [[100.3289477, 15.2671975], [100.3292009, 15.2670785]]}}, {"type": "Feature", "properties": {"roadId": "Rd-0018", "name": null, "nameStatus": "missing", "roadType": "ค.ส.ล.", "lengthM": 153.2}, "geometry": {"type": "LineString", "coordinates": [[100.3329169, 15.2638585], [100.3327799, 15.2642159], [100.3325386, 15.2648453], [100.3324194, 15.265156]]}}, {"type": "Feature", "properties": {"roadId": "Rd-0019", "name": null, "nameStatus": "missing", "roadType": "ค.ส.ล.", "lengthM": 164.7}, "geometry": {"type": "LineString", "coordinates": [[100.3327799, 15.2642159], [100.3334102, 15.2645467], [100.3339473, 15.2648091], [100.3339936, 15.2648695], [100.3339527, 15.2649979]]}}, {"type": "Feature", "properties": {"roadId": "Rd-0020", "name": null, "nameStatus": "missing", "roadType": "ค.ส.ล.", "lengthM": 148.0}, "geometry": {"type": "LineString", "coordinates": [[100.332675, 15.2644957], [100.3339527, 15.2649979]]}}, {"type": "Feature", "properties": {"roadId": "Rd-0021", "name": null, "nameStatus": "missing", "roadType": "ค.ส.ล.", "lengthM": 198.8}, "geometry": {"type": "LineString", "coordinates": [[100.3325386, 15.2648453], [100.333846, 15.2653095], [100.3342765, 15.2654624]]}}, {"type": "Feature", "properties": {"roadId": "Rd-0022", "name": null, "nameStatus": "missing", "roadType": "ค.ส.ล.", "lengthM": 36.3}, "geometry": {"type": "LineString", "coordinates": [[100.3339527, 15.2649979], [100.333846, 15.2653095]]}}, {"type": "Feature", "properties": {"roadId": "Rd-0023", "name": null, "nameStatus": "missing", "roadType": "ค.ส.ล.", "lengthM": 54.1}, "geometry": {"type": "LineString", "coordinates": [[100.3325386, 15.2648453], [100.3320657, 15.2646772]]}}, {"type": "Feature", "properties": {"roadId": "Rd-0024", "name": null, "nameStatus": "missing", "roadType": "ค.ส.ล.", "lengthM": 37.1}, "geometry": {"type": "LineString", "coordinates": [[100.3320083, 15.2648232], [100.3320657, 15.2646772], [100.3321315, 15.2645099]]}}, {"type": "Feature", "properties": {"roadId": "Rd-0025", "name": null, "nameStatus": "missing", "roadType": "ค.ส.ล.", "lengthM": 72.8}, "geometry": {"type": "LineString", "coordinates": [[100.3324194, 15.265156], [100.3317798, 15.2649385]]}}, {"type": "Feature", "properties": {"roadId": "Rd-0026", "name": null, "nameStatus": "missing", "roadType": "ค.ส.ล.", "lengthM": 61.8}, "geometry": {"type": "LineString", "coordinates": [[100.3324194, 15.265156], [100.332963, 15.2653387]]}}, {"type": "Feature", "properties": {"roadId": "Rd-0027", "name": null, "nameStatus": "missing", "roadType": "ค.ส.ล.", "lengthM": 58.4}, "geometry": {"type": "LineString", "coordinates": [[100.3330584, 15.2650388], [100.332963, 15.2653387], [100.332898, 15.2655433]]}}, {"type": "Feature", "properties": {"roadId": "Rd-0028", "name": null, "nameStatus": "missing", "roadType": "ค.ส.ล.", "lengthM": 83.5}, "geometry": {"type": "LineString", "coordinates": [[100.333846, 15.2653095], [100.3336379, 15.2658181], [100.333559, 15.2660107]]}}, {"type": "Feature", "properties": {"roadId": "Rd-0029", "name": null, "nameStatus": "missing", "roadType": "ค.ส.ล.", "lengthM": 133.9}, "geometry": {"type": "LineString", "coordinates": [[100.3324607, 15.2654212], [100.332898, 15.2655433], [100.3336379, 15.2658181]]}}, {"type": "Feature", "properties": {"roadId": "Rd-0030", "name": null, "nameStatus": "missing", "roadType": "ค.ส.ล.", "lengthM": 108.9}, "geometry": {"type": "LineString", "coordinates": [[100.3347956, 15.2663475], [100.3346856, 15.2665842], [100.334598, 15.2667675], [100.3349738, 15.2668482], [100.3350854, 15.26695]]}}, {"type": "Feature", "properties": {"roadId": "Rd-0031", "name": "ถ.รจนา", "nameStatus": "ok", "roadType": "ค.ส.ล.", "lengthM": 248.4}, "geometry": {"type": "LineString", "coordinates": [[100.3350854, 15.26695], [100.3351561, 15.266933], [100.3353454, 15.2668903], [100.3354975, 15.2668543], [100.3358219, 15.2668031], [100.336167, 15.2668221], [100.3362154, 15.2668297], [100.3363917, 15.2668575], [100.3369616, 15.267077], [100.3373097, 15.2672111]]}}, {"type": "Feature", "properties": {"roadId": "Rd-0032", "name": "ซ.รจนา2", "nameStatus": "ok", "roadType": "ค.ส.ล.", "lengthM": 230.8}, "geometry": {"type": "LineString", "coordinates": [[100.3369616, 15.267077], [100.3371534, 15.2677203], [100.3373945, 15.2684193], [100.3376465, 15.269053]]}}, {"type": "Feature", "properties": {"roadId": "Rd-0033", "name": "ทางสาธารณะ", "nameStatus": "ok", "roadType": "ค.ส.ล.", "lengthM": 340.0}, "geometry": {"type": "LineString", "coordinates": [[100.3340228, 15.268031], [100.3343523, 15.2680082], [100.3350959, 15.2679829], [100.3356898, 15.2679415], [100.3364443, 15.267841], [100.3365489, 15.2677702], [100.33715, 15.2677208], [100.3371534, 15.2677203]]}}, {"type": "Feature", "properties": {"roadId": "Rd-0034", "name": "รจนา2/3", "nameStatus": "ok", "roadType": "ค.ส.ล.", "lengthM": 208.1}, "geometry": {"type": "LineString", "coordinates": [[100.3375885, 15.2691355], [100.337378, 15.2691659], [100.3369901, 15.2690228], [100.3365994, 15.2689602], [100.3358945, 15.2688855], [100.3357737, 15.2688588], [100.3356926, 15.2688523]]}}, {"type": "Feature", "properties": {"roadId": "Rd-0035", "name": "ถ.รจนา", "nameStatus": "ok", "roadType": "ค.ส.ล.", "lengthM": 313.9}, "geometry": {"type": "LineString", "coordinates": [[100.3373097, 15.2672111], [100.3374184, 15.2672544], [100.3374894, 15.2672679], [100.3375736, 15.267262], [100.3377418, 15.2672212], [100.3380064, 15.2671376], [100.3381921, 15.2670789], [100.3382611, 15.2670571], [100.338326, 15.2670512], [100.3391034, 15.2669806], [100.339328, 15.2669478], [100.3393757, 15.2669467], [100.3394217, 15.2669457], [100.3394311, 15.2669446], [100.3396066, 15.2669244], [100.3398004, 15.2668915], [100.3398507, 15.266883], [100.3400665, 15.2668974], [100.3401782, 15.2668959]]}}, {"type": "Feature", "properties": {"roadId": "Rd-0036", "name": "รจนา3", "nameStatus": "ok", "roadType": "ค.ส.ล.", "lengthM": 104.2}, "geometry": {"type": "LineString", "coordinates": [[100.3362154, 15.2668297], [100.3362094, 15.2658878]]}}, {"type": "Feature", "properties": {"roadId": "Rd-0037", "name": null, "nameStatus": "missing", "roadType": "ค.ส.ล.", "lengthM": 66.5}, "geometry": {"type": "LineString", "coordinates": [[100.3365213, 15.2646941], [100.3364313, 15.2652887]]}}, {"type": "Feature", "properties": {"roadId": "Rd-0038", "name": "ทาง ฯ", "nameStatus": "ok", "roadType": "ค.ส.ล.", "lengthM": 48.6}, "geometry": {"type": "LineString", "coordinates": [[100.3379651, 15.2667], [100.3380064, 15.2671376]]}}, {"type": "Feature", "properties": {"roadId": "Rd-0039", "name": "ซ.ยี่สุนเทศ", "nameStatus": "ok", "roadType": "ค.ส.ล.", "lengthM": 190.6}, "geometry": {"type": "LineString", "coordinates": [[100.3393831, 15.2652333], [100.3393812, 15.2659783], [100.3393279, 15.26623], [100.3393188, 15.2663368], [100.3393124, 15.2664115], [100.3393352, 15.2666892], [100.3393757, 15.2669467]]}}, {"type": "Feature", "properties": {"roadId": "Rd-0040", "name": "ทาง ฯ", "nameStatus": "ok", "roadType": "ค.ส.ล.", "lengthM": 58.6}, "geometry": {"type": "LineString", "coordinates": [[100.3393188, 15.2663368], [100.3395433, 15.2663738], [100.3397305, 15.266448], [100.3398459, 15.2664553]]}}, {"type": "Feature", "properties": {"roadId": "Rd-0041", "name": "ทาง ฯ", "nameStatus": "ok", "roadType": "ค.ส.ล.", "lengthM": 97.0}, "geometry": {"type": "LineString", "coordinates": [[100.3354684, 15.2656519], [100.3362206, 15.2657485], [100.3362107, 15.2658209], [100.3362099, 15.2658611], [100.3362094, 15.2658878]]}}, {"type": "Feature", "properties": {"roadId": "Rd-0042", "name": "ทาง ฯ", "nameStatus": "ok", "roadType": "ค.ส.ล.", "lengthM": 64.5}, "geometry": {"type": "LineString", "coordinates": [[100.3362099, 15.2658611], [100.3368057, 15.265937]]}}, {"type": "Feature", "properties": {"roadId": "Rd-0043", "name": "ทาง ฯ", "nameStatus": "ok", "roadType": "ค.ส.ล.", "lengthM": 58.4}, "geometry": {"type": "LineString", "coordinates": [[100.3394311, 15.2669446], [100.3395186, 15.2670431], [100.3397024, 15.2673988]]}}, {"type": "Feature", "properties": {"roadId": "Rd-0044", "name": null, "nameStatus": "missing", "roadType": "ค.ส.ล.", "lengthM": 248.3}, "geometry": {"type": "LineString", "coordinates": [[100.3414301, 15.2659157], [100.3401782, 15.2668959], [100.3401569, 15.2669125], [100.3397024, 15.2673988]]}}, {"type": "Feature", "properties": {"roadId": "Rd-0045", "name": "ซ.มาลัย2", "nameStatus": "ok", "roadType": "ค.ส.ล.", "lengthM": 242.8}, "geometry": {"type": "LineString", "coordinates": [[100.3397024, 15.2673988], [100.3397708, 15.26744], [100.3400341, 15.2676508], [100.3404058, 15.2681521], [100.3407813, 15.2680647], [100.3411808, 15.2679717], [100.3415389, 15.2679454], [100.3415856, 15.2679419]]}}, {"type": "Feature", "properties": {"roadId": "Rd-0046", "name": "ซ.รจนา2", "nameStatus": "ok", "roadType": "ค.ส.ล.", "lengthM": 294.8}, "geometry": {"type": "LineString", "coordinates": [[100.3397024, 15.2673988], [100.3391805, 15.268196], [100.3380687, 15.268853], [100.3380204, 15.2688759], [100.3376465, 15.269053]]}}, {"type": "Feature", "properties": {"roadId": "Rd-0047", "name": "รจนา2", "nameStatus": "ok", "roadType": "ค.ส.ล.", "lengthM": 105.4}, "geometry": {"type": "LineString", "coordinates": [[100.3376465, 15.269053], [100.3376489, 15.2694459], [100.3376725, 15.2700049]]}}, {"type": "Feature", "properties": {"roadId": "Rd-0048", "name": "สาธารณะประโยชน์", "nameStatus": "ok", "roadType": "ค.ส.ล.", "lengthM": 116.3}, "geometry": {"type": "LineString", "coordinates": [[100.3380204, 15.2688759], [100.3378934, 15.2678323]]}}, {"type": "Feature", "properties": {"roadId": "Rd-0049", "name": "รจนา2/2", "nameStatus": "ok", "roadType": "ค.ส.ล.", "lengthM": 183.9}, "geometry": {"type": "LineString", "coordinates": [[100.3387235, 15.2699868], [100.338948, 15.2683393]]}}, {"type": "Feature", "properties": {"roadId": "Rd-0050", "name": "รจนา2/1", "nameStatus": "ok", "roadType": "ค.ส.ล.", "lengthM": 176.6}, "geometry": {"type": "LineString", "coordinates": [[100.339191, 15.2700774], [100.3394927, 15.2685082]]}}, {"type": "Feature", "properties": {"roadId": "Rd-0051", "name": "ทาง", "nameStatus": "ok", "roadType": "ค.ส.ล.", "lengthM": 87.9}, "geometry": {"type": "LineString", "coordinates": [[100.3391174, 15.2682351], [100.3393699, 15.2684895], [100.3398191, 15.2685559]]}}, {"type": "Feature", "properties": {"roadId": "Rd-0052", "name": "ถ.รจนา", "nameStatus": "ok", "roadType": "ค.ส.ล.", "lengthM": 172.6}, "geometry": {"type": "LineString", "coordinates": [[100.3424156, 15.2648835], [100.3422047, 15.2654072], [100.3420538, 15.265709], [100.3419934, 15.2657765], [100.3419124, 15.2658317], [100.341824, 15.2658513], [100.3414637, 15.2659026], [100.3414301, 15.265917]]}}, {"type": "Feature", "properties": {"roadId": "Rd-0053", "name": "ทาง ฯ", "nameStatus": "ok", "roadType": "ค.ส.ล.", "lengthM": 24.4}, "geometry": {"type": "LineString", "coordinates": [[100.3422521, 15.2666877], [100.3423013, 15.266472]]}}, {"type": "Feature", "properties": {"roadId": "Rd-0054", "name": "ทาง ฯ", "nameStatus": "ok", "roadType": "ค.ส.ล.", "lengthM": 64.6}, "geometry": {"type": "LineString", "coordinates": [[100.3426208, 15.2667516], [100.3422555, 15.2666924], [100.3422107, 15.2669128]]}}, {"type": "Feature", "properties": {"roadId": "Rd-0055", "name": "ทาง ฯ", "nameStatus": "ok", "roadType": "ค.ส.ล.", "lengthM": 233.0}, "geometry": {"type": "LineString", "coordinates": [[100.3428951, 15.2661217], [100.3427472, 15.2664192], [100.3426228, 15.2667488], [100.3425036, 15.2670998], [100.34236, 15.2674482], [100.3423317, 15.2675414], [100.3422879, 15.2677217], [100.3422105, 15.2678927], [100.3421943, 15.2681029]]}}, {"type": "Feature", "properties": {"roadId": "Rd-0056", "name": "รจนา1", "nameStatus": "ok", "roadType": "ค.ส.ล.", "lengthM": 287.7}, "geometry": {"type": "LineString", "coordinates": [[100.3442527, 15.2669951], [100.3436636, 15.2668266], [100.3432266, 15.2663763], [100.3429059, 15.2661245], [100.342669, 15.2659105], [100.342281, 15.2654953], [100.3421973, 15.2654207]]}}, {"type": "Feature", "properties": {"roadId": "Rd-0057", "name": "ทาง ฯ", "nameStatus": "ok", "roadType": "ค.ส.ล.", "lengthM": 27.6}, "geometry": {"type": "LineString", "coordinates": [[100.3426582, 15.2658983], [100.3428146, 15.2657009]]}}, {"type": "Feature", "properties": {"roadId": "Rd-0058", "name": "ถ.สามมล", "nameStatus": "ok", "roadType": "ค.ส.ล.", "lengthM": 354.7}, "geometry": {"type": "LineString", "coordinates": [[100.3268801, 15.2618978], [100.3275992, 15.2595179], [100.3282028, 15.25909]]}}, {"type": "Feature", "properties": {"roadId": "Rd-0059", "name": "ซ.สามล2", "nameStatus": "ok", "roadType": "ค.ส.ล.", "lengthM": 156.9}, "geometry": {"type": "LineString", "coordinates": [[100.3271165, 15.2611088], [100.3257207, 15.2606909]]}}, {"type": "Feature", "properties": {"roadId": "Rd-0060", "name": "ซ.สามล1", "nameStatus": "ok", "roadType": "ค.ส.ล.", "lengthM": 158.5}, "geometry": {"type": "LineString", "coordinates": [[100.3271211, 15.2611103], [100.3285384, 15.2615088]]}}, {"type": "Feature", "properties": {"roadId": "Rd-0061", "name": "ซ.สามล3", "nameStatus": "ok", "roadType": "ค.ส.ล.", "lengthM": 241.4}, "geometry": {"type": "LineString", "coordinates": [[100.3273566, 15.2603269], [100.3295112, 15.2609479]]}}, {"type": "Feature", "properties": {"roadId": "Rd-0062", "name": "ทาง ฯ", "nameStatus": "ok", "roadType": "ค.ส.ล.", "lengthM": 43.8}, "geometry": {"type": "LineString", "coordinates": [[100.3278674, 15.2604792], [100.32799, 15.2601012]]}}, {"type": "Feature", "properties": {"roadId": "Rd-0063", "name": "ซ.สามล4", "nameStatus": "ok", "roadType": "ค.ส.ล.", "lengthM": 118.7}, "geometry": {"type": "LineString", "coordinates": [[100.3273528, 15.2603284], [100.3262931, 15.2600239]]}}, {"type": "Feature", "properties": {"roadId": "Rd-0064", "name": "ทาง ฯ", "nameStatus": "ok", "roadType": "ค.ส.ล.", "lengthM": 219.5}, "geometry": {"type": "LineString", "coordinates": [[100.3244851, 15.2612492], [100.3246187, 15.2603889], [100.3257231, 15.2606908]]}}, {"type": "Feature", "properties": {"roadId": "Rd-0065", "name": "ถ.ตักศิลา", "nameStatus": "ok", "roadType": "ค.ส.ล.", "lengthM": 363.5}, "geometry": {"type": "LineString", "coordinates": [[100.3233539, 15.2609425], [100.3234739, 15.2601323], [100.323412, 15.2599773], [100.3232846, 15.2591065], [100.3232267, 15.2586215], [100.3230959, 15.2576975]]}}, {"type": "Feature", "properties": {"roadId": "Rd-0066", "name": "ซ.ตักศิลา3", "nameStatus": "ok", "roadType": "ค.ส.ล.", "lengthM": 619.1}, "geometry": {"type": "LineString", "coordinates": [[100.3215372, 15.2577824], [100.3223483, 15.2577424], [100.3242533, 15.2575323], [100.3254574, 15.2574492], [100.3264018, 15.2573295], [100.3272629, 15.2571772]]}}, {"type": "Feature", "properties": {"roadId": "Rd-0067", "name": "ซ.ตักศิลา5", "nameStatus": "ok", "roadType": "ค.ส.ล.", "lengthM": 342.9}, "geometry": {"type": "LineString", "coordinates": [[100.3207975, 15.257807], [100.3215326, 15.2577815], [100.3212774, 15.2554088]]}}, {"type": "Feature", "properties": {"roadId": "Rd-0068", "name": null, "nameStatus": "missing", "roadType": "ค.ส.ล.", "lengthM": 294.7}, "geometry": {"type": "LineString", "coordinates": [[100.323099, 15.2577034], [100.3229786, 15.2569731], [100.3227118, 15.2550661]]}}, {"type": "Feature", "properties": {"roadId": "Rd-0069", "name": null, "nameStatus": "missing", "roadType": "ค.ส.ล.", "lengthM": 172.3}, "geometry": {"type": "LineString", "coordinates": [[100.3238025, 15.2575956], [100.3235977, 15.2560507]]}}, {"type": "Feature", "properties": {"roadId": "Rd-0070", "name": null, "nameStatus": "missing", "roadType": "ค.ส.ล.", "lengthM": 288.6}, "geometry": {"type": "LineString", "coordinates": [[100.3242172, 15.2549156], [100.3245214, 15.2575071]]}}, {"type": "Feature", "properties": {"roadId": "Rd-0071", "name": null, "nameStatus": "missing", "roadType": "ค.ส.ล.", "lengthM": 81.9}, "geometry": {"type": "LineString", "coordinates": [[100.3251627, 15.256719], [100.3252405, 15.2574555]]}}, {"type": "Feature", "properties": {"roadId": "Rd-0072", "name": null, "nameStatus": "missing", "roadType": "ค.ส.ล.", "lengthM": 287.8}, "geometry": {"type": "LineString", "coordinates": [[100.326031, 15.2573738], [100.3257085, 15.2547913]]}}, {"type": "Feature", "properties": {"roadId": "Rd-0073", "name": "ซ.ตักศิลา4", "nameStatus": "ok", "roadType": "ค.ส.ล.", "lengthM": 161.6}, "geometry": {"type": "LineString", "coordinates": [[100.321354, 15.2562565], [100.3228529, 15.2561319]]}}, {"type": "Feature", "properties": {"roadId": "Rd-0074", "name": "ซ.ตักศิลา2", "nameStatus": "ok", "roadType": "ค.ส.ล.", "lengthM": 167.1}, "geometry": {"type": "LineString", "coordinates": [[100.3217187, 15.2582804], [100.3232299, 15.2586385]]}}, {"type": "Feature", "properties": {"roadId": "Rd-0075", "name": "ซ.ตักศิลา1", "nameStatus": "ok", "roadType": "ค.ส.ล.", "lengthM": 171.7}, "geometry": {"type": "LineString", "coordinates": [[100.3233546, 15.2595707], [100.3220692, 15.2592557], [100.3218007, 15.25921]]}}, {"type": "Feature", "properties": {"roadId": "Rd-0076", "name": "ถ.พูลทรัพย์", "nameStatus": "ok", "roadType": "ค.ส.ล.", "lengthM": 461.1}, "geometry": {"type": "LineString", "coordinates": [[100.3190514, 15.2597462], [100.3195209, 15.259159], [100.3196465, 15.2587617], [100.3207921, 15.257807], [100.3207853, 15.2575831], [100.3206361, 15.2562718]]}}, {"type": "Feature", "properties": {"roadId": "Rd-0077", "name": "ซ.ณัฐนันท์", "nameStatus": "ok", "roadType": "ค.ส.ล.", "lengthM": 211.1}, "geometry": {"type": "LineString", "coordinates": [[100.3215464, 15.2602742], [100.3209, 15.258668], [100.3207227, 15.2587324]]}}, {"type": "Feature", "properties": {"roadId": "Rd-0078", "name": "ซ.มะลิวัลย์", "nameStatus": "ok", "roadType": "ค.ส.ล.", "lengthM": 335.4}, "geometry": {"type": "LineString", "coordinates": [[100.3334272, 15.2635892], [100.3335109, 15.2633007], [100.3335572, 15.2631839], [100.333623, 15.2631047], [100.3336618, 15.2630296], [100.3337303, 15.2629523], [100.33381, 15.2629282], [100.3339596, 15.262842], [100.3340606, 15.2627639], [100.33409, 15.2627026], [100.3341031, 15.2626388], [100.3341026, 15.2625653], [100.3341224, 15.2624824], [100.3341345, 15.2623992], [100.3341451, 15.2623649], [100.334172, 15.2622943], [100.3342253, 15.2621725], [100.3343621, 15.2619766], [100.3344587, 15.2618499], [100.3345164, 15.2617655], [100.3345673, 15.2616982], [100.3345731, 15.2616476], [100.3345673, 15.2615767], [100.3345538, 15.2614855], [100.3345357, 15.2614009], [100.3345085, 15.2612691], [100.3345068, 15.2612146], [100.3344746, 15.2610189], [100.3344431, 15.2609693]]}}, {"type": "Feature", "properties": {"roadId": "Rd-0079", "name": "ซ.จันทนา", "nameStatus": "ok", "roadType": "ค.ส.ล.", "lengthM": 413.2}, "geometry": {"type": "LineString", "coordinates": [[100.3343594, 15.2619819], [100.334549, 15.2621434], [100.3347537, 15.2623729], [100.3350051, 15.2626448], [100.3353162, 15.2629571], [100.3355567, 15.2631654], [100.3357366, 15.2633155], [100.3358713, 15.2633943], [100.3360331, 15.263472], [100.3362224, 15.263541], [100.336665, 15.2637293], [100.336788, 15.2637683], [100.3367724, 15.2638575], [100.3367668, 15.2639133], [100.3367519, 15.2640013], [100.3367335, 15.2640637], [100.336676, 15.2642443], [100.3366149, 15.2644711]]}}, {"type": "Feature", "properties": {"roadId": "Rd-0080", "name": null, "nameStatus": "missing", "roadType": "ค.ส.ล.", "lengthM": 97.1}, "geometry": {"type": "LineString", "coordinates": [[100.3350551, 15.2626914], [100.3349929, 15.2628598], [100.3349466, 15.2630227], [100.334904, 15.2632011], [100.3349174, 15.2632519], [100.334951, 15.26328], [100.3350437, 15.2633194], [100.3351724, 15.2634078]]}}, {"type": "Feature", "properties": {"roadId": "Rd-0081", "name": "ทาง ฯ", "nameStatus": "ok", "roadType": "ค.ส.ล.", "lengthM": 426.7}, "geometry": {"type": "LineString", "coordinates": [[100.3344431, 15.2609693], [100.3346227, 15.2606957], [100.3348481, 15.2605366], [100.3354674, 15.2602399], [100.3359943, 15.2600226], [100.336528, 15.259963], [100.3369754, 15.2600393], [100.3372749, 15.2601164], [100.3375316, 15.2603149], [100.3378316, 15.2606624]]}}, {"type": "Feature", "properties": {"roadId": "Rd-0082", "name": null, "nameStatus": "missing", "roadType": "ค.ส.ล.", "lengthM": 273.3}, "geometry": {"type": "LineString", "coordinates": [[100.3378333, 15.2606655], [100.3385956, 15.2597925], [100.3386224, 15.2597625], [100.3387099, 15.259838], [100.3388091, 15.2599163], [100.3388764, 15.2599298], [100.3389298, 15.2599223], [100.3390042, 15.259874], [100.3390668, 15.2598176], [100.3385471, 15.2592504]]}}, {"type": "Feature", "properties": {"roadId": "Rd-0083", "name": null, "nameStatus": "missing", "roadType": "ค.ส.ล.", "lengthM": 189.8}, "geometry": {"type": "LineString", "coordinates": [[100.3379939, 15.2604819], [100.3377855, 15.2603094], [100.3378525, 15.2602334], [100.3379948, 15.260077], [100.3385049, 15.2594882], [100.3386809, 15.2596482], [100.3386812, 15.2597048], [100.3386224, 15.2597624]]}}, {"type": "Feature", "properties": {"roadId": "Rd-0084", "name": null, "nameStatus": "missing", "roadType": "ค.ส.ล.", "lengthM": 129.1}, "geometry": {"type": "LineString", "coordinates": [[100.3380656, 15.2604046], [100.338411, 15.2604972], [100.3385251, 15.2605273], [100.3385731, 15.2603314], [100.3387267, 15.2598512]]}}, {"type": "Feature", "properties": {"roadId": "Rd-0085", "name": "ซ.สารภี1", "nameStatus": "ok", "roadType": "ค.ส.ล.", "lengthM": 379.5}, "geometry": {"type": "LineString", "coordinates": [[100.3402582, 15.262772], [100.3390795, 15.2622859], [100.3389019, 15.2621883], [100.3388126, 15.2620698], [100.3387216, 15.2619097], [100.3385886, 15.2615435], [100.3383194, 15.2609986], [100.3381655, 15.2608254], [100.3380347, 15.2608692], [100.3379349, 15.26084], [100.337833, 15.2606631]]}}, {"type": "Feature", "properties": {"roadId": "Rd-0086", "name": "ซ.สารภี2", "nameStatus": "ok", "roadType": "ค.ส.ล.", "lengthM": 567.7}, "geometry": {"type": "LineString", "coordinates": [[100.3403612, 15.2649294], [100.3403569, 15.2646439], [100.340347, 15.2643331], [100.340342, 15.2641599], [100.3402584, 15.2640157], [100.340237, 15.2638675], [100.3402284, 15.2634294], [100.3402413, 15.2631758], [100.3402533, 15.2630076], [100.340284, 15.2628711], [100.3402611, 15.2627712], [100.3403419, 15.2625276], [100.3404431, 15.2622329], [100.3405373, 15.2619285], [100.3406166, 15.2616293], [100.340656, 15.2614262], [100.3406409, 15.261327], [100.3405391, 15.2612255], [100.3403345, 15.2610752], [100.3401882, 15.2608978], [100.3399045, 15.2605473], [100.339732, 15.2603567], [100.3396391, 15.260346], [100.3396033, 15.2603435]]}}, {"type": "Feature", "properties": {"roadId": "Rd-0087", "name": null, "nameStatus": "missing", "roadType": "ค.ส.ล.", "lengthM": 169.1}, "geometry": {"type": "LineString", "coordinates": [[100.3389104, 15.2621692], [100.3391732, 15.2614677], [100.3392876, 15.2612202], [100.3393386, 15.2610255], [100.3393377, 15.2608874], [100.3393047, 15.2607185]]}}, {"type": "Feature", "properties": {"roadId": "Rd-0088", "name": null, "nameStatus": "missing", "roadType": "ค.ส.ล.", "lengthM": 93.3}, "geometry": {"type": "LineString", "coordinates": [[100.3395381, 15.2624556], [100.3398623, 15.2616733]]}}, {"type": "Feature", "properties": {"roadId": "Rd-0089", "name": "ถ.มณฑา", "nameStatus": "ok", "roadType": "ค.ส.ล.", "lengthM": 367.8}, "geometry": {"type": "LineString", "coordinates": [[100.331104, 15.2596591], [100.3309901, 15.2604623], [100.3309575, 15.2608175], [100.3308339, 15.2623947], [100.3307541, 15.2629646]]}}, {"type": "Feature", "properties": {"roadId": "Rd-0090", "name": "ซ.สารภี1", "nameStatus": "ok", "roadType": "ค.ส.ล.", "lengthM": 198.4}, "geometry": {"type": "LineString", "coordinates": [[100.3392553, 15.2650388], [100.3392533, 15.2647279], [100.339259, 15.2646597], [100.3393219, 15.2645036], [100.3394041, 15.2644276], [100.3394675, 15.2643278], [100.339527, 15.264248], [100.3395811, 15.2641636], [100.3398418, 15.26381], [100.3398367, 15.2634241]]}}, {"type": "Feature", "properties": {"roadId": "Rd-0091", "name": null, "nameStatus": "missing", "roadType": "ค.ส.ล.", "lengthM": 56.8}, "geometry": {"type": "LineString", "coordinates": [[100.3402837, 15.2640698], [100.340046, 15.2639948], [100.3399391, 15.2639109], [100.3398441, 15.2638087]]}}, {"type": "Feature", "properties": {"roadId": "Rd-0092", "name": null, "nameStatus": "missing", "roadType": "ค.ส.ล.", "lengthM": 402.6}, "geometry": {"type": "LineString", "coordinates": [[100.3445545, 15.2677988], [100.3446418, 15.2678685], [100.3449004, 15.2681429], [100.3449244, 15.2681815], [100.3451826, 15.2684689], [100.3452797, 15.2685792], [100.3454081, 15.2688121], [100.345534, 15.2691024], [100.3455762, 15.2691912], [100.3457643, 15.2695448], [100.3459357, 15.2698717], [100.3460711, 15.2701026], [100.3461354, 15.2701635], [100.3461352, 15.2702244], [100.3464715, 15.2708782]]}}, {"type": "Feature", "properties": {"roadId": "Rd-0093", "name": "ซ.เจ้าเงาะ7", "nameStatus": "ok", "roadType": "ค.ส.ล.", "lengthM": 118.9}, "geometry": {"type": "LineString", "coordinates": [[100.3461354, 15.2701635], [100.3471147, 15.2706656]]}}, {"type": "Feature", "properties": {"roadId": "Rd-0094", "name": null, "nameStatus": "missing", "roadType": "ค.ส.ล.", "lengthM": 65.4}, "geometry": {"type": "LineString", "coordinates": [[100.3467265, 15.2705078], [100.346445, 15.2710316]]}}, {"type": "Feature", "properties": {"roadId": "Rd-0095", "name": null, "nameStatus": "missing", "roadType": "ค.ส.ล.", "lengthM": 85.0}, "geometry": {"type": "LineString", "coordinates": [[100.3467715, 15.2704555], [100.347162, 15.2697873]]}}, {"type": "Feature", "properties": {"roadId": "Rd-0096", "name": null, "nameStatus": "missing", "roadType": "ค.ส.ล.", "lengthM": 297.5}, "geometry": {"type": "LineString", "coordinates": [[100.3453513, 15.267771], [100.3470512, 15.2698946]]}}, {"type": "Feature", "properties": {"roadId": "Rd-0097", "name": null, "nameStatus": "missing", "roadType": "ค.ส.ล.", "lengthM": 91.1}, "geometry": {"type": "LineString", "coordinates": [[100.346793, 15.2696431], [100.3461353, 15.2701635]]}}, {"type": "Feature", "properties": {"roadId": "Rd-0098", "name": null, "nameStatus": "missing", "roadType": "ค.ส.ล.", "lengthM": 86.2}, "geometry": {"type": "LineString", "coordinates": [[100.3465947, 15.2693839], [100.3459601, 15.2698607]]}}, {"type": "Feature", "properties": {"roadId": "Rd-0099", "name": null, "nameStatus": "missing", "roadType": "ค.ส.ล.", "lengthM": 58.8}, "geometry": {"type": "LineString", "coordinates": [[100.3458366, 15.2684378], [100.3454024, 15.2687608]]}}, {"type": "Feature", "properties": {"roadId": "Rd-0100", "name": "ซ.7/1", "nameStatus": "ok", "roadType": "ค.ส.ล.", "lengthM": 58.5}, "geometry": {"type": "LineString", "coordinates": [[100.3455854, 15.2680671], [100.3451746, 15.2684143]]}}, {"type": "Feature", "properties": {"roadId": "Rd-0101", "name": null, "nameStatus": "missing", "roadType": "ค.ส.ล.", "lengthM": 63.5}, "geometry": {"type": "LineString", "coordinates": [[100.3453507, 15.2677708], [100.3449006, 15.2681428]]}}, {"type": "Feature", "properties": {"roadId": "Rd-0102", "name": "ดอกไม้แดง4", "nameStatus": "ok", "roadType": "ค.ส.ล.", "lengthM": 175.3}, "geometry": {"type": "LineString", "coordinates": [[100.3447034, 15.2674934], [100.3453828, 15.2677276], [100.3459212, 15.2679173], [100.3460506, 15.267978], [100.3462384, 15.2680269]]}}, {"type": "Feature", "properties": {"roadId": "Rd-0103", "name": "ดอกไม้แดง3", "nameStatus": "ok", "roadType": "ค.ส.ล.", "lengthM": 196.4}, "geometry": {"type": "LineString", "coordinates": [[100.3448536, 15.2670955], [100.3462469, 15.2676508], [100.3462407, 15.2679639]]}}, {"type": "Feature", "properties": {"roadId": "Rd-0104", "name": "ดอกไม้แดง1", "nameStatus": "ok", "roadType": "ค.ส.ล.", "lengthM": 86.8}, "geometry": {"type": "LineString", "coordinates": [[100.3451874, 15.2663742], [100.3459493, 15.2666366]]}}, {"type": "Feature", "properties": {"roadId": "Rd-0105", "name": "ดอกไม้แดง", "nameStatus": "ok", "roadType": "ค.ส.ล.", "lengthM": 236.9}, "geometry": {"type": "LineString", "coordinates": [[100.3462228, 15.2657572], [100.3461152, 15.2660848], [100.34595, 15.2666372], [100.3462629, 15.266753], [100.3462467, 15.2676501]]}}, {"type": "Feature", "properties": {"roadId": "Rd-0106", "name": "เจ้าเงาะ5", "nameStatus": "ok", "roadType": "ค.ส.ล.", "lengthM": 186.3}, "geometry": {"type": "LineString", "coordinates": [[100.3462467, 15.2676506], [100.3478369, 15.2683241]]}}, {"type": "Feature", "properties": {"roadId": "Rd-0107", "name": "ถ.เจ้าเงาะ", "nameStatus": "ok", "roadType": "ค.ส.ล.", "lengthM": 579.4}, "geometry": {"type": "LineString", "coordinates": [[100.3483737, 15.2666088], [100.3480582, 15.2674934], [100.3478605, 15.2682971], [100.3476791, 15.2691914], [100.3474894, 15.2701229], [100.3474211, 15.2703025], [100.3466647, 15.2715204]]}}, {"type": "Feature", "properties": {"roadId": "Rd-0108", "name": "ถ.บ่อทอง", "nameStatus": "ok", "roadType": "ค.ส.ล.", "lengthM": 409.7}, "geometry": {"type": "LineString", "coordinates": [[100.3478604, 15.2682832], [100.3492477, 15.2687593], [100.3499216, 15.2690159], [100.350357, 15.2691572], [100.3514553, 15.26952]]}}, {"type": "Feature", "properties": {"roadId": "Rd-0109", "name": "บ่อทอง8", "nameStatus": "ok", "roadType": "ค.ส.ล.", "lengthM": 204.5}, "geometry": {"type": "LineString", "coordinates": [[100.3492217, 15.2687478], [100.349041, 15.2695668], [100.3489011, 15.2702585], [100.3488716, 15.2705631]]}}, {"type": "Feature", "properties": {"roadId": "Rd-0110", "name": "บ่อทอง6", "nameStatus": "ok", "roadType": "ค.ส.ล.", "lengthM": 217.3}, "geometry": {"type": "LineString", "coordinates": [[100.3503517, 15.269157], [100.3501789, 15.2699027], [100.3499261, 15.2710772]]}}, {"type": "Feature", "properties": {"roadId": "Rd-0111", "name": "บ่อทอง10", "nameStatus": "ok", "roadType": "ค.ส.ล.", "lengthM": 124.5}, "geometry": {"type": "LineString", "coordinates": [[100.3488603, 15.268632], [100.3486047, 15.2697294]]}}, {"type": "Feature", "properties": {"roadId": "Rd-0112", "name": "บ่อทอง12", "nameStatus": "ok", "roadType": "ค.ส.ล.", "lengthM": 126.2}, "geometry": {"type": "LineString", "coordinates": [[100.348663, 15.2685613], [100.3483738, 15.2696665]]}}, {"type": "Feature", "properties": {"roadId": "Rd-0113", "name": "เจ้าเงาะ2", "nameStatus": "ok", "roadType": "ค.ส.ล.", "lengthM": 66.6}, "geometry": {"type": "LineString", "coordinates": [[100.347751, 15.2688478], [100.3483419, 15.2690318]]}}, {"type": "Feature", "properties": {"roadId": "Rd-0114", "name": "เจ้าเงาะ4", "nameStatus": "ok", "roadType": "ค.ส.ล.", "lengthM": 151.9}, "geometry": {"type": "LineString", "coordinates": [[100.3476378, 15.2694428], [100.348373, 15.2696663], [100.3486058, 15.2697306], [100.3489891, 15.2698467]]}}, {"type": "Feature", "properties": {"roadId": "Rd-0115", "name": null, "nameStatus": "missing", "roadType": "ค.ส.ล.", "lengthM": 128.0}, "geometry": {"type": "LineString", "coordinates": [[100.3490538, 15.2695184], [100.349439, 15.2696712], [100.3497988, 15.269798], [100.3501764, 15.269902]]}}, {"type": "Feature", "properties": {"roadId": "Rd-0116", "name": "ทาง ฯ", "nameStatus": "ok", "roadType": "ค.ส.ล.", "lengthM": 82.6}, "geometry": {"type": "LineString", "coordinates": [[100.3501931, 15.2698431], [100.3507364, 15.2700176], [100.3509217, 15.2700827]]}}, {"type": "Feature", "properties": {"roadId": "Rd-0117", "name": "ทาง ฯ", "nameStatus": "ok", "roadType": "ค.ส.ล.", "lengthM": 81.7}, "geometry": {"type": "LineString", "coordinates": [[100.3502569, 15.2695713], [100.3506616, 15.2696978], [100.3509765, 15.2698109]]}}, {"type": "Feature", "properties": {"roadId": "Rd-0118", "name": "บ่อทอง4", "nameStatus": "ok", "roadType": "ค.ส.ล.", "lengthM": 247.4}, "geometry": {"type": "LineString", "coordinates": [[100.3514539, 15.269521], [100.3512882, 15.2702678], [100.3511219, 15.2706531], [100.3509184, 15.2711135], [100.3506459, 15.2716]]}}, {"type": "Feature", "properties": {"roadId": "Rd-0119", "name": "ถ.บ่อทอง", "nameStatus": "ok", "roadType": "ค.ส.ล.", "lengthM": 230.9}, "geometry": {"type": "LineString", "coordinates": [[100.3514557, 15.2695205], [100.3515175, 15.269501], [100.3519626, 15.2694826], [100.3528105, 15.2694313], [100.3533524, 15.2694054], [100.3535991, 15.2693865]]}}, {"type": "Feature", "properties": {"roadId": "Rd-0120", "name": null, "nameStatus": "missing", "roadType": "ค.ส.ล.", "lengthM": 112.7}, "geometry": {"type": "LineString", "coordinates": [[100.3511228, 15.270657], [100.3521699, 15.2705966]]}}, {"type": "Feature", "properties": {"roadId": "Rd-0121", "name": "บ่อทอง2", "nameStatus": "ok", "roadType": "ค.ส.ล.", "lengthM": 250.4}, "geometry": {"type": "LineString", "coordinates": [[100.3535991, 15.2693869], [100.353656, 15.2695748], [100.3537223, 15.2698323], [100.3537647, 15.2700172], [100.3538189, 15.2703523], [100.3538555, 15.2707394], [100.3538871, 15.2711844], [100.3539174, 15.2714356], [100.3539464, 15.2716193]]}}, {"type": "Feature", "properties": {"roadId": "Rd-0122", "name": null, "nameStatus": "missing", "roadType": "ค.ส.ล.", "lengthM": 137.7}, "geometry": {"type": "LineString", "coordinates": [[100.3537502, 15.2699946], [100.3535278, 15.2700169], [100.3531063, 15.2700822], [100.3527386, 15.2701245], [100.3526974, 15.2701299], [100.3524887, 15.2701974]]}}, {"type": "Feature", "properties": {"roadId": "Rd-0123", "name": "ถ.บ่อทอง", "nameStatus": "ok", "roadType": "ค.ส.ล.", "lengthM": 105.3}, "geometry": {"type": "LineString", "coordinates": [[100.3535006, 15.2684417], [100.3535231, 15.268872], [100.3535757, 15.269235], [100.3535965, 15.2693882]]}}, {"type": "Feature", "properties": {"roadId": "Rd-0124", "name": "บ่อทอง2", "nameStatus": "ok", "roadType": "ค.ส.ล.", "lengthM": 505.9}, "geometry": {"type": "LineString", "coordinates": [[100.3536083, 15.2716588], [100.3541994, 15.2715942], [100.3544758, 15.2715821], [100.3545298, 15.2716027], [100.3545733, 15.2716721], [100.3546571, 15.2718686], [100.3547327, 15.2720411], [100.354783, 15.2720495], [100.3548548, 15.2720386], [100.3579883, 15.2716301]]}}, {"type": "Feature", "properties": {"roadId": "Rd-0125", "name": null, "nameStatus": "missing", "roadType": "ค.ส.ล.", "lengthM": 154.2}, "geometry": {"type": "LineString", "coordinates": [[100.3538819, 15.2711413], [100.3535086, 15.2711619], [100.3524582, 15.2713117]]}}, {"type": "Feature", "properties": {"roadId": "Rd-0126", "name": null, "nameStatus": "missing", "roadType": "ค.ส.ล.", "lengthM": 184.5}, "geometry": {"type": "LineString", "coordinates": [[100.3535261, 15.2711574], [100.353601, 15.2716318], [100.3536828, 15.2720735], [100.353731, 15.2723155], [100.3537575, 15.2725227], [100.3538034, 15.2728029]]}}, {"type": "Feature", "properties": {"roadId": "Rd-0127", "name": null, "nameStatus": "missing", "roadType": "ค.ส.ล.", "lengthM": 82.1}, "geometry": {"type": "LineString", "coordinates": [[100.3529156, 15.272146], [100.3533311, 15.2720948], [100.3536737, 15.2720527]]}}, {"type": "Feature", "properties": {"roadId": "Rd-0128", "name": "ทาง ฯ", "nameStatus": "ok", "roadType": "ค.ส.ล.", "lengthM": 100.0}, "geometry": {"type": "LineString", "coordinates": [[100.3536011, 15.2716593], [100.3526813, 15.2718022]]}}, {"type": "Feature", "properties": {"roadId": "Rd-0129", "name": null, "nameStatus": "missing", "roadType": "ค.ส.ล.", "lengthM": 118.1}, "geometry": {"type": "LineString", "coordinates": [[100.3542274, 15.271593], [100.3542787, 15.2717425], [100.3543628, 15.2719912], [100.3544399, 15.2722504], [100.3545446, 15.2726149]]}}, {"type": "Feature", "properties": {"roadId": "Rd-0130", "name": "ถ.บ่อเงิน", "nameStatus": "ok", "roadType": "ค.ส.ล.", "lengthM": 518.4}, "geometry": {"type": "LineString", "coordinates": [[100.3569724, 15.2696674], [100.3569918, 15.269892], [100.3571347, 15.2703377], [100.3572317, 15.2706338], [100.3572679, 15.2706772], [100.3577364, 15.2710864], [100.3578269, 15.2712031], [100.3579382, 15.2714899], [100.3579903, 15.2716299], [100.3580495, 15.2716226], [100.3581072, 15.2719429], [100.3581839, 15.272152], [100.3582644, 15.2732223], [100.3585899, 15.2737327], [100.3586687, 15.2738437]]}}, {"type": "Feature", "properties": {"roadId": "Rd-0131", "name": null, "nameStatus": "missing", "roadType": "ค.ส.ล.", "lengthM": 179.5}, "geometry": {"type": "LineString", "coordinates": [[100.3579575, 15.2700164], [100.3579735, 15.2702673], [100.3579891, 15.2704598], [100.3580036, 15.2707716], [100.3580341, 15.2710385], [100.3580483, 15.271295], [100.3580683, 15.2716129], [100.3580486, 15.2716235]]}}, {"type": "Feature", "properties": {"roadId": "Rd-0132", "name": "ถ.พระสังข์", "nameStatus": "ok", "roadType": "ค.ส.ล.", "lengthM": 1249.2}, "geometry": {"type": "LineString", "coordinates": [[100.3495313, 15.2546892], [100.3467464, 15.2620296], [100.3455487, 15.2652975]]}}, {"type": "Feature", "properties": {"roadId": "Rd-0133", "name": "พระสังข์ 1", "nameStatus": "ok", "roadType": "ค.ส.ล.", "lengthM": 103.5}, "geometry": {"type": "LineString", "coordinates": [[100.3459142, 15.2643236], [100.3463044, 15.2644595], [100.3466111, 15.2645679], [100.3467113, 15.2646011], [100.3468197, 15.2646429]]}}, {"type": "Feature", "properties": {"roadId": "Rd-0134", "name": "พระสังข์ 2", "nameStatus": "ok", "roadType": "ค.ส.ล.", "lengthM": 161.9}, "geometry": {"type": "LineString", "coordinates": [[100.3460303, 15.263992], [100.3461247, 15.2640245], [100.3464796, 15.2641334], [100.3468104, 15.2642255], [100.3474527, 15.2644717]]}}, {"type": "Feature", "properties": {"roadId": "Rd-0135", "name": "พระสังข์ 3", "nameStatus": "ok", "roadType": "ค.ส.ล.", "lengthM": 167.6}, "geometry": {"type": "LineString", "coordinates": [[100.346194, 15.2635425], [100.3463064, 15.2635845], [100.3466191, 15.2636885], [100.3469394, 15.2637939], [100.3476669, 15.2640426]]}}, {"type": "Feature", "properties": {"roadId": "Rd-0136", "name": "พระสังข์ 4", "nameStatus": "ok", "roadType": "ค.ส.ล.", "lengthM": 168.3}, "geometry": {"type": "LineString", "coordinates": [[100.346337, 15.2631534], [100.3468076, 15.2633153], [100.3471719, 15.2634381], [100.3478166, 15.2636539]]}}, {"type": "Feature", "properties": {"roadId": "Rd-0137", "name": "ซ.พระสังข์ 6", "nameStatus": "ok", "roadType": "ค.ส.ล.", "lengthM": 133.5}, "geometry": {"type": "LineString", "coordinates": [[100.3465783, 15.2624995], [100.3473962, 15.2628036], [100.3477341, 15.2629423]]}}, {"type": "Feature", "properties": {"roadId": "Rd-0138", "name": "พระสังข์ 5", "nameStatus": "ok", "roadType": "ค.ส.ล.", "lengthM": 48.2}, "geometry": {"type": "LineString", "coordinates": [[100.3464762, 15.2627717], [100.3469004, 15.2629126]]}}, {"type": "Feature", "properties": {"roadId": "Rd-0139", "name": "พระสังข์ 2/1", "nameStatus": "ok", "roadType": "ค.ส.ล.", "lengthM": 88.2}, "geometry": {"type": "LineString", "coordinates": [[100.3469675, 15.2642864], [100.3466632, 15.2650264]]}}, {"type": "Feature", "properties": {"roadId": "Rd-0140", "name": null, "nameStatus": "missing", "roadType": "ค.ส.ล.", "lengthM": 167.1}, "geometry": {"type": "LineString", "coordinates": [[100.3474577, 15.2644735], [100.3483789, 15.2647972], [100.3489393, 15.2649288]]}}, {"type": "Feature", "properties": {"roadId": "Rd-0141", "name": null, "nameStatus": "missing", "roadType": "ค.ส.ล.", "lengthM": 166.6}, "geometry": {"type": "LineString", "coordinates": [[100.3477334, 15.2629418], [100.3483314, 15.2631941], [100.3487086, 15.2633169], [100.349191, 15.263449]]}}, {"type": "Feature", "properties": {"roadId": "Rd-0142", "name": "ถ.สารนิธิ์", "nameStatus": "ok", "roadType": "ค.ส.ล.", "lengthM": 414.1}, "geometry": {"type": "LineString", "coordinates": [[100.3492756, 15.2627481], [100.3491909, 15.2634483], [100.3488034, 15.2657554], [100.3487227, 15.2660931], [100.3485858, 15.2664204]]}}, {"type": "Feature", "properties": {"roadId": "Rd-0143", "name": "ซ.ธนัญชัย2", "nameStatus": "ok", "roadType": "ค.ส.ล.", "lengthM": 167.6}, "geometry": {"type": "LineString", "coordinates": [[100.3485948, 15.2632847], [100.3483236, 15.2647769]]}}, {"type": "Feature", "properties": {"roadId": "Rd-0144", "name": "ซ.ธนัญชัย1", "nameStatus": "ok", "roadType": "ค.ส.ล.", "lengthM": 165.9}, "geometry": {"type": "LineString", "coordinates": [[100.3482591, 15.2631657], [100.3477033, 15.264565]]}}, {"type": "Feature", "properties": {"roadId": "Rd-0145", "name": null, "nameStatus": "missing", "roadType": "ค.ส.ล.", "lengthM": 165.9}, "geometry": {"type": "LineString", "coordinates": [[100.3480517, 15.2630863], [100.3474934, 15.264484]]}}, {"type": "Feature", "properties": {"roadId": "Rd-0146", "name": null, "nameStatus": "missing", "roadType": "ค.ส.ล.", "lengthM": 143.0}, "geometry": {"type": "LineString", "coordinates": [[100.3477657, 15.2629559], [100.3472556, 15.2641496]]}}, {"type": "Feature", "properties": {"roadId": "Rd-0147", "name": "ถ.ศรีสวัสดิ์", "nameStatus": "ok", "roadType": "ค.ส.ล.", "lengthM": 180.2}, "geometry": {"type": "LineString", "coordinates": [[100.3490658, 15.2665925], [100.349598, 15.2650477]]}}, {"type": "Feature", "properties": {"roadId": "Rd-0148", "name": "ศรีสวัสดิ์5", "nameStatus": "ok", "roadType": "ค.ส.ล.", "lengthM": 107.0}, "geometry": {"type": "LineString", "coordinates": [[100.3494745, 15.2653975], [100.3504261, 15.2656844]]}}, {"type": "Feature", "properties": {"roadId": "Rd-0149", "name": "ศรีสวัสดิ์ 3", "nameStatus": "ok", "roadType": "ค.ส.ล.", "lengthM": 83.3}, "geometry": {"type": "LineString", "coordinates": [[100.3492981, 15.2659027], [100.3500293, 15.2661549]]}}, {"type": "Feature", "properties": {"roadId": "Rd-0150", "name": "ทาง ฯ", "nameStatus": "ok", "roadType": "ค.ส.ล.", "lengthM": 55.0}, "geometry": {"type": "LineString", "coordinates": [[100.3492171, 15.2661491], [100.3497026, 15.2663065]]}}, {"type": "Feature", "properties": {"roadId": "Rd-0151", "name": "ถ.มัสยา", "nameStatus": "ok", "roadType": "ค.ส.ล.", "lengthM": 560.2}, "geometry": {"type": "LineString", "coordinates": [[100.3491055, 15.2639768], [100.3500399, 15.2641529], [100.3511055, 15.264358], [100.3520569, 15.2645243], [100.3536914, 15.2648151], [100.354025, 15.2648813], [100.3541984, 15.2649938]]}}, {"type": "Feature", "properties": {"roadId": "Rd-0152", "name": "ซ.สำเภาทอง", "nameStatus": "ok", "roadType": "ค.ส.ล.", "lengthM": 349.5}, "geometry": {"type": "LineString", "coordinates": [[100.352079, 15.2645295], [100.3520149, 15.2648426], [100.3519438, 15.2651277], [100.3518776, 15.2655397], [100.3518326, 15.2658219], [100.3518307, 15.2659676], [100.3518139, 15.2661254], [100.3517817, 15.2662566], [100.3517185, 15.266285], [100.3515119, 15.2662715], [100.3514833, 15.2663078], [100.3514755, 15.266392], [100.3513866, 15.2669017], [100.3512924, 15.2673816]]}}, {"type": "Feature", "properties": {"roadId": "Rd-0153", "name": null, "nameStatus": "missing", "roadType": "ค.ส.ล.", "lengthM": 48.9}, "geometry": {"type": "LineString", "coordinates": [[100.3517199, 15.2662857], [100.3519175, 15.2662952], [100.3521747, 15.2662956]]}}, {"type": "Feature", "properties": {"roadId": "Rd-0154", "name": null, "nameStatus": "missing", "roadType": "ค.ส.ล.", "lengthM": 192.3}, "geometry": {"type": "LineString", "coordinates": [[100.3519492, 15.265123], [100.352517, 15.2652118], [100.3531178, 15.2653137], [100.353162, 15.2651183], [100.3532421, 15.2647383]]}}, {"type": "Feature", "properties": {"roadId": "Rd-0155", "name": "ถ.ทวีชัย", "nameStatus": "ok", "roadType": "ลาดยาง", "lengthM": 4937.2}, "geometry": {"type": "LineString", "coordinates": [[100.3660481, 15.2262149], [100.3660559, 15.2267515], [100.3657251, 15.2290044], [100.3651999, 15.2323051], [100.3647719, 15.2350358], [100.3644237, 15.2373025], [100.3634193, 15.2437259], [100.3633298, 15.2440333], [100.363256, 15.2442123], [100.3631699, 15.2443597], [100.3624225, 15.2452694], [100.3618356, 15.2459434], [100.3608999, 15.2469128], [100.3600023, 15.2480094], [100.3578317, 15.2503927], [100.35745, 15.2510353], [100.3571917, 15.2519686], [100.357031, 15.2527036], [100.356616, 15.2548478], [100.3562494, 15.2562499], [100.3558211, 15.2581307], [100.3555872, 15.2591841], [100.3553962, 15.2600646], [100.3550451, 15.2616114], [100.3544887, 15.2638688], [100.3534825, 15.2681459]]}}, {"type": "Feature", "properties": {"roadId": "Rd-0157", "name": "สารนิธิ์ 5", "nameStatus": "ok", "roadType": "ค.ส.ล.", "lengthM": 71.5}, "geometry": {"type": "LineString", "coordinates": [[100.3489448, 15.2649273], [100.3490329, 15.2649361], [100.3495415, 15.2650279], [100.3495987, 15.2650436]]}}, {"type": "Feature", "properties": {"roadId": "Rd-0158", "name": "สารนิธิ์ 3", "nameStatus": "ok", "roadType": "ค.ส.ล.", "lengthM": 63.8}, "geometry": {"type": "LineString", "coordinates": [[100.3488845, 15.2652965], [100.3494554, 15.2654561]]}}, {"type": "Feature", "properties": {"roadId": "Rd-0159", "name": "สารนิธิ์ 1", "nameStatus": "ok", "roadType": "ค.ส.ล.", "lengthM": 55.9}, "geometry": {"type": "LineString", "coordinates": [[100.3488102, 15.2657299], [100.3492295, 15.265857], [100.3493067, 15.2658819]]}}, {"type": "Feature", "properties": {"roadId": "Rd-0160", "name": "สารนิธิ์ 7", "nameStatus": "ok", "roadType": "ค.ส.ล.", "lengthM": 71.8}, "geometry": {"type": "LineString", "coordinates": [[100.348624, 15.2643866], [100.3492761, 15.2645297]]}}, {"type": "Feature", "properties": {"roadId": "Rd-0161", "name": "พรหมนคร", "nameStatus": "ok", "roadType": "ค.ส.ล.", "lengthM": 389.4}, "geometry": {"type": "LineString", "coordinates": [[100.3473879, 15.2603387], [100.3480814, 15.2605297], [100.348364, 15.2606049], [100.3485225, 15.2606359], [100.3489181, 15.26072], [100.3495509, 15.2610173], [100.3498727, 15.2611658], [100.3503628, 15.261323], [100.3508147, 15.2614468]]}}, {"type": "Feature", "properties": {"roadId": "Rd-0162", "name": "ยศวิมล 1", "nameStatus": "ok", "roadType": "ค.ส.ล.", "lengthM": 145.4}, "geometry": {"type": "LineString", "coordinates": [[100.3489049, 15.2607177], [100.3489511, 15.2605949], [100.3490391, 15.2603606], [100.3490853, 15.2602378], [100.3491411, 15.2600549], [100.3492019, 15.2598985], [100.349267, 15.2597523], [100.3493692, 15.2594843]]}}, {"type": "Feature", "properties": {"roadId": "Rd-0163", "name": "ซ.โพธิรักษ์", "nameStatus": "ok", "roadType": "ค.ส.ล.", "lengthM": 656.3}, "geometry": {"type": "LineString", "coordinates": [[100.3493831, 15.2594714], [100.3495947, 15.2595422], [100.3502253, 15.259745], [100.3505752, 15.2597733], [100.3507101, 15.2597638], [100.3508537, 15.259812], [100.3515312, 15.2601324], [100.3520503, 15.2604146], [100.3523152, 15.2605286], [100.3525642, 15.2606557], [100.3526363, 15.2607048], [100.3530636, 15.2608952], [100.353364, 15.2609888], [100.3541221, 15.2611533], [100.3551214, 15.2613212]]}}, {"type": "Feature", "properties": {"roadId": "Rd-0164", "name": "ยศวิมล 2", "nameStatus": "ok", "roadType": "ค.ส.ล.", "lengthM": 279.1}, "geometry": {"type": "LineString", "coordinates": [[100.3510122, 15.258997], [100.3507598, 15.2596128], [100.3507018, 15.2597618], [100.3507001, 15.2598288], [100.3506789, 15.2602691], [100.350702, 15.2605187], [100.3507856, 15.2607024], [100.3507936, 15.2609249], [100.3508118, 15.2614436]]}}, {"type": "Feature", "properties": {"roadId": "Rd-0165", "name": "ถ.ประชาอุทิศ", "nameStatus": "ok", "roadType": "ค.ส.ล.", "lengthM": 1645.0}, "geometry": {"type": "LineString", "coordinates": [[100.3430057, 15.2422346], [100.3430925, 15.2422557], [100.3434539, 15.2422419], [100.3439104, 15.2422741], [100.3441715, 15.2422984], [100.3442535, 15.2424624], [100.3454674, 15.2438992], [100.3456981, 15.2440877], [100.3461953, 15.2445171], [100.3464384, 15.2449365], [100.3473696, 15.2467119], [100.3476327, 15.2472828], [100.3477663, 15.2475695], [100.3479271, 15.2479152], [100.3482642, 15.2486589], [100.3485389, 15.2492768], [100.3488941, 15.2503858], [100.3487797, 15.2517891], [100.3485866, 15.2532263], [100.3485306, 15.2539491], [100.3485371, 15.2546066], [100.3485296, 15.2546789]]}}, {"type": "Feature", "properties": {"roadId": "Rd-0166", "name": "ซ.ไม้คลี", "nameStatus": "ok", "roadType": "ค.ส.ล.", "lengthM": 169.1}, "geometry": {"type": "LineString", "coordinates": [[100.3457866, 15.2441628], [100.3459817, 15.2439545], [100.3462813, 15.2436617], [100.3466831, 15.2434702], [100.3470682, 15.2433282]]}}, {"type": "Feature", "properties": {"roadId": "Rd-0167", "name": "ซ.พันธุรัตน์", "nameStatus": "ok", "roadType": "ค.ส.ล.", "lengthM": 378.4}, "geometry": {"type": "LineString", "coordinates": [[100.3552918, 15.2687905], [100.3553171, 15.2685324], [100.3552912, 15.2682777], [100.3554017, 15.266615], [100.3553966, 15.2664489], [100.3551482, 15.2656576], [100.3550882, 15.2654189]]}}, {"type": "Feature", "properties": {"roadId": "Rd-0168", "name": "ถ.ทวีชัย1", "nameStatus": "ok", "roadType": "ค.ส.ล.", "lengthM": 780.8}, "geometry": {"type": "LineString", "coordinates": [[100.3542185, 15.2650233], [100.3543828, 15.265138], [100.3546379, 15.265258], [100.3549516, 15.2653697], [100.3551274, 15.2653942], [100.3554829, 15.2654292], [100.3557784, 15.2655431], [100.3560454, 15.265612], [100.3562495, 15.2656441], [100.3565323, 15.2656659], [100.3567665, 15.2656645], [100.3569442, 15.2656772], [100.3570454, 15.2657138], [100.3571953, 15.2657795], [100.3572884, 15.265828], [100.3573957, 15.2658626], [100.3575128, 15.2658697], [100.3577044, 15.2658333], [100.3578251, 15.2657718], [100.3579477, 15.2656848], [100.3580864, 15.2655821], [100.3581912, 15.2655599], [100.358393, 15.265541], [100.3588036, 15.2656581], [100.3601317, 15.2660704], [100.3610998, 15.2663811]]}}, {"type": "Feature", "properties": {"roadId": "Rd-0169", "name": "ทางหลวงเทศบาล", "nameStatus": "ok", "roadType": "ค.ส.ล.", "lengthM": 262.1}, "geometry": {"type": "LineString", "coordinates": [[100.3553588, 15.2673164], [100.3555852, 15.2673582], [100.3558399, 15.2674194], [100.3562201, 15.267519], [100.3567014, 15.2676376], [100.3572106, 15.2676933], [100.3575197, 15.2677248], [100.3577539, 15.2677292]]}}, {"type": "Feature", "properties": {"roadId": "Rd-0170", "name": "ทางหลวงเทศบาล", "nameStatus": "ok", "roadType": "ค.ส.ล.", "lengthM": 30.1}, "geometry": {"type": "LineString", "coordinates": [[100.3572449, 15.2676941], [100.3572755, 15.2674234]]}}, {"type": "Feature", "properties": {"roadId": "Rd-0171", "name": "ทางหลวงเทศบาล", "nameStatus": "ok", "roadType": "ค.ส.ล.", "lengthM": 90.6}, "geometry": {"type": "LineString", "coordinates": [[100.3552993, 15.2682811], [100.3556047, 15.2683665], [100.3558618, 15.2684629], [100.3560378, 15.2685148], [100.3561025, 15.2685271]]}}, {"type": "Feature", "properties": {"roadId": "Rd-0172", "name": "ทางหลวงเทศบาล", "nameStatus": "ok", "roadType": "ค.ส.ล.", "lengthM": 80.7}, "geometry": {"type": "LineString", "coordinates": [[100.3554089, 15.2666341], [100.3561389, 15.266808]]}}, {"type": "Feature", "properties": {"roadId": "Rd-0173", "name": "ทางหลวงเทศบาล", "nameStatus": "ok", "roadType": "ค.ส.ล.", "lengthM": 86.9}, "geometry": {"type": "LineString", "coordinates": [[100.3553288, 15.2662289], [100.3553823, 15.2662195], [100.3561196, 15.2663745]]}}, {"type": "Feature", "properties": {"roadId": "Rd-0174", "name": "ทาง", "nameStatus": "ok", "roadType": "ค.ส.ล.", "lengthM": 95.8}, "geometry": {"type": "LineString", "coordinates": [[100.3553258, 15.2662284], [100.354641, 15.2662115], [100.3546449, 15.2660102]]}}, {"type": "Feature", "properties": {"roadId": "Rd-0175", "name": "ทางหลวงเทศบาล", "nameStatus": "ok", "roadType": "ค.ส.ล.", "lengthM": 91.7}, "geometry": {"type": "LineString", "coordinates": [[100.3551966, 15.2658046], [100.3560355, 15.2659612]]}}, {"type": "Feature", "properties": {"roadId": "Rd-0176", "name": "ซ.ทวีชัย2", "nameStatus": "ok", "roadType": "ค.ส.ล.", "lengthM": 379.5}, "geometry": {"type": "LineString", "coordinates": [[100.354409, 15.2642703], [100.3571245, 15.2649065], [100.3572955, 15.2649594], [100.3574546, 15.2650613], [100.3575315, 15.2650785], [100.3578184, 15.2651228]]}}, {"type": "Feature", "properties": {"roadId": "Rd-0177", "name": "ซ.ทวีชัย3", "nameStatus": "ok", "roadType": "ค.ส.ล.", "lengthM": 403.8}, "geometry": {"type": "LineString", "coordinates": [[100.3545109, 15.2637924], [100.3567333, 15.2643454], [100.3573805, 15.2645179], [100.3575886, 15.26455], [100.3577199, 15.264557], [100.3577274, 15.2644668], [100.3578647, 15.2644621], [100.3578836, 15.264266], [100.3578654, 15.26427]]}}, {"type": "Feature", "properties": {"roadId": "Rd-0178", "name": "ซ.ทวีชัย4", "nameStatus": "ok", "roadType": "ค.ส.ล.", "lengthM": 136.7}, "geometry": {"type": "LineString", "coordinates": [[100.3551467, 15.2612407], [100.3563861, 15.2615232]]}}, {"type": "Feature", "properties": {"roadId": "Rd-0179", "name": "ซ.ทวีชัย5", "nameStatus": "ok", "roadType": "ค.ส.ล.", "lengthM": 591.0}, "geometry": {"type": "LineString", "coordinates": [[100.3554371, 15.2599287], [100.3561201, 15.2600265], [100.3563806, 15.2600252], [100.3581516, 15.2601043], [100.3583598, 15.2601477], [100.3589855, 15.260432], [100.3593926, 15.2606231], [100.3604489, 15.2610023], [100.360736, 15.261075]]}}, {"type": "Feature", "properties": {"roadId": "Rd-0180", "name": "ซ.ทวีชัย6", "nameStatus": "ok", "roadType": "ค.ส.ล.", "lengthM": 541.0}, "geometry": {"type": "LineString", "coordinates": [[100.3556391, 15.2590087], [100.3559166, 15.2591501], [100.3561413, 15.2592389], [100.3563172, 15.2592751], [100.3564099, 15.259251], [100.3566049, 15.2591244], [100.3568632, 15.2591131], [100.3570935, 15.2591313], [100.3575518, 15.2591344], [100.3579616, 15.2591221], [100.358375, 15.2590471], [100.3595982, 15.2586986], [100.3601866, 15.2585187], [100.3604326, 15.2584721], [100.360481, 15.25846]]}}, {"type": "Feature", "properties": {"roadId": "Rd-0181", "name": "ทวีชัย5/1", "nameStatus": "ok", "roadType": "ค.ส.ล.", "lengthM": 168.1}, "geometry": {"type": "LineString", "coordinates": [[100.3588797, 15.2603767], [100.3589366, 15.2600423], [100.3590163, 15.2595675], [100.3590626, 15.2593138], [100.3589347, 15.2588895]]}}, {"type": "Feature", "properties": {"roadId": "Rd-0182", "name": "ซ.ทวีชัย7", "nameStatus": "ok", "roadType": "ค.ส.ล.", "lengthM": 665.3}, "geometry": {"type": "LineString", "coordinates": [[100.3566257, 15.2548065], [100.3569812, 15.2548396], [100.3571916, 15.2549168], [100.3578918, 15.2551673], [100.3580939, 15.2551975], [100.3584617, 15.255258], [100.3589226, 15.2553571], [100.3595979, 15.2555118], [100.3597392, 15.2555129], [100.3599986, 15.2555005], [100.3602564, 15.2554078], [100.360405, 15.2552775], [100.3606355, 15.255016], [100.3609532, 15.2545147], [100.3611932, 15.2541649], [100.3613477, 15.2540052], [100.361426, 15.253944], [100.3615308, 15.2539179], [100.3619318, 15.2538037]]}}, {"type": "Feature", "properties": {"roadId": "Rd-0183", "name": null, "nameStatus": "missing", "roadType": "ค.ส.ล.", "lengthM": 129.8}, "geometry": {"type": "LineString", "coordinates": [[100.3603012, 15.2576688], [100.3604037, 15.2582111], [100.3604779, 15.2584615], [100.360571, 15.2588118]]}}, {"type": "Feature", "properties": {"roadId": "Rd-0184", "name": "ทวีชัย6/1", "nameStatus": "ok", "roadType": "ค.ส.ล.", "lengthM": 184.5}, "geometry": {"type": "LineString", "coordinates": [[100.3588524, 15.2571832], [100.3591579, 15.2588243]]}}, {"type": "Feature", "properties": {"roadId": "Rd-0185", "name": "ถ.ประชาตาคลี", "nameStatus": "ok", "roadType": "ค.ส.ล.", "lengthM": 3502.2}, "geometry": {"type": "LineString", "coordinates": [[100.349965, 15.2521359], [100.3579588, 15.2311671], [100.3591138, 15.2280784], [100.3594077, 15.2272997], [100.3595767, 15.2269632], [100.360677, 15.2250836], [100.3609158, 15.2246957], [100.3612289, 15.2243747], [100.3617698, 15.2237668], [100.3624598, 15.2230976]]}}, {"type": "Feature", "properties": {"roadId": "Rd-0186", "name": "ทางฯ", "nameStatus": "ok", "roadType": "ค.ส.ล.", "lengthM": 132.8}, "geometry": {"type": "LineString", "coordinates": [[100.3487779, 15.2518029], [100.3493304, 15.2519196], [100.3497206, 15.2520433], [100.3499622, 15.2521387]]}}, {"type": "Feature", "properties": {"roadId": "Rd-0187", "name": "ซ.ประชาอุทิศ1", "nameStatus": "ok", "roadType": "ค.ส.ล.", "lengthM": 168.5}, "geometry": {"type": "LineString", "coordinates": [[100.3488297, 15.2531845], [100.3487881, 15.2539061], [100.348779, 15.2540585], [100.3487797, 15.25418], [100.3487604, 15.2543134], [100.348742, 15.2545992], [100.3487366, 15.2547046]]}}, {"type": "Feature", "properties": {"roadId": "Rd-0188", "name": "ประชาอุทิศ", "nameStatus": "ok", "roadType": "ค.ส.ล.", "lengthM": 46.2}, "geometry": {"type": "LineString", "coordinates": [[100.3489509, 15.2547464], [100.3485265, 15.2546803]]}}, {"type": "Feature", "properties": {"roadId": "Rd-0189", "name": "อัศวชัย", "nameStatus": "ok", "roadType": "ค.ส.ล.", "lengthM": 340.0}, "geometry": {"type": "LineString", "coordinates": [[100.3471792, 15.2572529], [100.3473744, 15.2573007], [100.347407, 15.257257], [100.3474416, 15.2570878], [100.3474664, 15.2569582], [100.3475824, 15.256658], [100.3476436, 15.2565505], [100.3478419, 15.2559952], [100.3479868, 15.2556057], [100.3481231, 15.2554521], [100.3482515, 15.255318], [100.3484705, 15.2548448], [100.3485301, 15.2546857]]}}, {"type": "Feature", "properties": {"roadId": "Rd-0190", "name": "ถ.หัสนัย", "nameStatus": "ok", "roadType": "ค.ส.ล.", "lengthM": 924.4}, "geometry": {"type": "LineString", "coordinates": [[100.3452281, 15.2436187], [100.3455739, 15.2432502], [100.3458058, 15.2430612], [100.3461952, 15.2428525], [100.3467552, 15.242663], [100.3469449, 15.2426599], [100.3470581, 15.2426773], [100.3535057, 15.2426229]]}}, {"type": "Feature", "properties": {"roadId": "Rd-0191", "name": "ซ.สุวรรณอาภรณ์", "nameStatus": "ok", "roadType": "ค.ส.ล.", "lengthM": 508.4}, "geometry": {"type": "LineString", "coordinates": [[100.3474443, 15.2468108], [100.3484051, 15.2467544], [100.3486661, 15.2467057], [100.3495796, 15.2466124], [100.3504764, 15.2465199], [100.3511362, 15.2464738], [100.3519116, 15.2464016], [100.3521546, 15.2463777]]}}, {"type": "Feature", "properties": {"roadId": "Rd-0192", "name": "ซ.มัฆวาน", "nameStatus": "ok", "roadType": "ค.ส.ล.", "lengthM": 127.9}, "geometry": {"type": "LineString", "coordinates": [[100.3487429, 15.2499094], [100.3499329, 15.2498625]]}}, {"type": "Feature", "properties": {"roadId": "Rd-0193", "name": "ถ.วิษณุกรรม", "nameStatus": "ok", "roadType": "ค.ส.ล.", "lengthM": 592.0}, "geometry": {"type": "LineString", "coordinates": [[100.3473345, 15.2464011], [100.348464, 15.246012], [100.3490968, 15.2458143], [100.3499033, 15.2456211], [100.3503975, 15.2454917], [100.3517013, 15.2452063], [100.3524676, 15.2450724], [100.3526218, 15.2451811]]}}, {"type": "Feature", "properties": {"roadId": "Rd-0194", "name": "ซ.ลูกคลี", "nameStatus": "ok", "roadType": "ค.ส.ล.", "lengthM": 135.1}, "geometry": {"type": "LineString", "coordinates": [[100.3442289, 15.242418], [100.3446265, 15.2423411], [100.3450748, 15.2422752], [100.3453776, 15.2423155], [100.3454696, 15.2423296]]}}, {"type": "Feature", "properties": {"roadId": "Rd-0195", "name": "ซ.หัสนัย2", "nameStatus": "ok", "roadType": "ค.ส.ล.", "lengthM": 88.5}, "geometry": {"type": "LineString", "coordinates": [[100.3454686, 15.2423296], [100.3457231, 15.2429401], [100.3457971, 15.2430613]]}}, {"type": "Feature", "properties": {"roadId": "Rd-0196", "name": null, "nameStatus": "missing", "roadType": "ค.ส.ล.", "lengthM": 102.1}, "geometry": {"type": "LineString", "coordinates": [[100.3449644, 15.2432963], [100.3451936, 15.2430286], [100.3453816, 15.2427759], [100.3454545, 15.24269], [100.3455792, 15.2425985]]}}, {"type": "Feature", "properties": {"roadId": "Rd-0197", "name": "ถ.ตายาย", "nameStatus": "ok", "roadType": "ค.ส.ล.", "lengthM": 821.9}, "geometry": {"type": "LineString", "coordinates": [[100.3441742, 15.242295], [100.3441584, 15.2420913], [100.344142, 15.2417822], [100.3441786, 15.241612], [100.3442651, 15.2413384], [100.3444167, 15.2410523], [100.3444494, 15.2409453], [100.3444845, 15.240788], [100.3444838, 15.2406756], [100.3444142, 15.2403058], [100.3443862, 15.2401352], [100.3444533, 15.2398416], [100.3449003, 15.2398342], [100.3452081, 15.2397896], [100.3460955, 15.2394307], [100.3462336, 15.2393894], [100.3462242, 15.2392372], [100.3461894, 15.2391087], [100.3461929, 15.2385238], [100.3463423, 15.2384231], [100.3484377, 15.2382436]]}}, {"type": "Feature", "properties": {"roadId": "Rd-0198", "name": null, "nameStatus": "missing", "roadType": null, "lengthM": 321.5}, "geometry": {"type": "LineString", "coordinates": [[100.3518432, 15.2396722], [100.3514701, 15.2421472], [100.3514939, 15.2425512]]}}, {"type": "Feature", "properties": {"roadId": "Rd-0199", "name": "ซ.ประชาตาคลี2", "nameStatus": "ok", "roadType": "ค.ส.ล.", "lengthM": 287.3}, "geometry": {"type": "LineString", "coordinates": [[100.352244, 15.2388934], [100.3549188, 15.2388597]]}}, {"type": "Feature", "properties": {"roadId": "Rd-0200", "name": "ถ.ตายาย", "nameStatus": "ok", "roadType": "ค.ส.ล.", "lengthM": 798.2}, "geometry": {"type": "LineString", "coordinates": [[100.3484402, 15.2382389], [100.3494493, 15.2379455], [100.3499325, 15.2377823], [100.3501698, 15.2377704], [100.3512051, 15.2377072], [100.3525846, 15.2374951], [100.3534521, 15.2373455], [100.3545381, 15.237176], [100.3557414, 15.2370268]]}}, {"type": "Feature", "properties": {"roadId": "Rd-0201", "name": "ซ.ตายาย1", "nameStatus": "ok", "roadType": "ค.ส.ล.", "lengthM": 199.8}, "geometry": {"type": "LineString", "coordinates": [[100.3444922, 15.2407475], [100.3447481, 15.2406996], [100.3450946, 15.2405472], [100.3453243, 15.2404798], [100.3454977, 15.2404366], [100.3456246, 15.2403515], [100.3456878, 15.2402851], [100.3458773, 15.2402558], [100.3459841, 15.240206], [100.346199, 15.2400979]]}}, {"type": "Feature", "properties": {"roadId": "Rd-0202", "name": "ซ.ตายาย2", "nameStatus": "ok", "roadType": "ค.ส.ล.", "lengthM": 129.4}, "geometry": {"type": "LineString", "coordinates": [[100.3460964, 15.2394387], [100.3461533, 15.2397391], [100.3462111, 15.2401772], [100.3462763, 15.2404143], [100.3463483, 15.2405771]]}}, {"type": "Feature", "properties": {"roadId": "Rd-0203", "name": "ซ.ประชาตาคลี3", "nameStatus": "ok", "roadType": "ค.ส.ล.", "lengthM": 1203.1}, "geometry": {"type": "LineString", "coordinates": [[100.3462293, 15.2384886], [100.3462469, 15.2376003], [100.3473385, 15.2371834], [100.347896, 15.2369974], [100.3485118, 15.2368728], [100.3500038, 15.2365835], [100.3514696, 15.2362796], [100.3519667, 15.2361592], [100.3526492, 15.2360455], [100.3531756, 15.2359721], [100.3544741, 15.2357738], [100.3559723, 15.2355596], [100.356279, 15.2355297]]}}, {"type": "Feature", "properties": {"roadId": "Rd-0204", "name": "ซ.หัสนัย4", "nameStatus": "ok", "roadType": "ค.ส.ล.", "lengthM": 394.1}, "geometry": {"type": "LineString", "coordinates": [[100.3469679, 15.2426426], [100.3470467, 15.2422823], [100.3471139, 15.2419278], [100.3471459, 15.2415004], [100.34719, 15.2411243], [100.3471964, 15.2409168], [100.3468956, 15.2403678], [100.3466102, 15.2401165], [100.3464229, 15.2397916], [100.3463049, 15.2394382], [100.3462633, 15.2393701]]}}, {"type": "Feature", "properties": {"roadId": "Rd-0205", "name": "สระทะเล", "nameStatus": "ok", "roadType": "ค.ส.ล.", "lengthM": 426.6}, "geometry": {"type": "LineString", "coordinates": [[100.347159, 15.2408271], [100.3476861, 15.2408633], [100.3483922, 15.2408197], [100.3485308, 15.2407627], [100.3485204, 15.240032], [100.3484664, 15.2397344], [100.348482, 15.2394588], [100.3484606, 15.238835], [100.3484581, 15.2384415], [100.3484345, 15.2382594]]}}, {"type": "Feature", "properties": {"roadId": "Rd-0206", "name": "ถ.สุวรรณสังข์", "nameStatus": "ok", "roadType": "ค.ส.ล.", "lengthM": 762.1}, "geometry": {"type": "LineString", "coordinates": [[100.3495394, 15.2547249], [100.3506984, 15.2547073], [100.3521502, 15.2546812], [100.3533317, 15.2545983], [100.3535029, 15.2545933], [100.3544142, 15.2546516], [100.3551008, 15.2547043], [100.3556845, 15.2547407], [100.3565861, 15.2547961], [100.3566232, 15.2548038]]}}, {"type": "Feature", "properties": {"roadId": "Rd-0207", "name": "วิลาวัลย์1", "nameStatus": "ok", "roadType": "ค.ส.ล.", "lengthM": 364.0}, "geometry": {"type": "LineString", "coordinates": [[100.3500635, 15.2536888], [100.3510336, 15.2537831], [100.3513241, 15.2538079], [100.3518304, 15.2535136], [100.3518543, 15.2534949], [100.3520928, 15.2532082], [100.3532146, 15.2532074]]}}, {"type": "Feature", "properties": {"roadId": "Rd-0208", "name": "วิลาวัลย์2", "nameStatus": "ok", "roadType": "ค.ส.ล.", "lengthM": 177.2}, "geometry": {"type": "LineString", "coordinates": [[100.3501898, 15.253354], [100.3518318, 15.2535103]]}}, {"type": "Feature", "properties": {"roadId": "Rd-0209", "name": "วิลาวัลย์3", "nameStatus": "ok", "roadType": "ค.ส.ล.", "lengthM": 192.5}, "geometry": {"type": "LineString", "coordinates": [[100.3502934, 15.2530476], [100.3520765, 15.2532199]]}}, {"type": "Feature", "properties": {"roadId": "Rd-0210", "name": "วิลาวัลย์4", "nameStatus": "ok", "roadType": "ค.ส.ล.", "lengthM": 203.4}, "geometry": {"type": "LineString", "coordinates": [[100.3503485, 15.2528899], [100.3520713, 15.2530604], [100.3520806, 15.2532172]]}}, {"type": "Feature", "properties": {"roadId": "Rd-0211", "name": "ถ.สุวรรณสังข์", "nameStatus": "ok", "roadType": "ค.ส.ล.", "lengthM": 332.7}, "geometry": {"type": "LineString", "coordinates": [[100.3535043, 15.254593], [100.3532614, 15.2532347], [100.353227, 15.2530009], [100.3532507, 15.2528518], [100.3532779, 15.2528197], [100.3544999, 15.2526395]]}}, {"type": "Feature", "properties": {"roadId": "Rd-0212", "name": "ถ.สังข์ทอง", "nameStatus": "ok", "roadType": "ค.ส.ล.", "lengthM": 785.7}, "geometry": {"type": "LineString", "coordinates": [[100.3534709, 15.2544076], [100.3535235, 15.2543841], [100.3536919, 15.2542607], [100.3537948, 15.2541763], [100.3539719, 15.2540293], [100.3540276, 15.2539542], [100.3540953, 15.2538347], [100.3542679, 15.253521], [100.3543265, 15.2533683], [100.3543814, 15.2531645], [100.3544982, 15.2526899], [100.3545247, 15.2525594], [100.3545448, 15.2524901], [100.3547052, 15.2520823], [100.3548457, 15.2517686], [100.3549173, 15.2516192], [100.3550041, 15.2514764], [100.3551071, 15.2513146], [100.355236, 15.2511196], [100.3554231, 15.250847], [100.3555984, 15.2506022], [100.3556841, 15.2504933], [100.3557572, 15.250418], [100.3560097, 15.2502529], [100.3563073, 15.2500867], [100.3564852, 15.2500326], [100.356742, 15.2499937], [100.3569524, 15.2499472], [100.357562, 15.2498117], [100.3576317, 15.2498031], [100.3577029, 15.2498239], [100.3578477, 15.2502156]]}}, {"type": "Feature", "properties": {"roadId": "Rd-0213", "name": "ทางหลวงเทศบาล", "nameStatus": "ok", "roadType": "ค.ส.ล.", "lengthM": 141.8}, "geometry": {"type": "LineString", "coordinates": [[100.3537808, 15.2527427], [100.3538094, 15.2522944], [100.3539941, 15.2522627], [100.3540858, 15.2522396], [100.3546594, 15.2521922]]}}, {"type": "Feature", "properties": {"roadId": "Rd-0214", "name": null, "nameStatus": "missing", "roadType": "ค.ส.ล.", "lengthM": 186.3}, "geometry": {"type": "LineString", "coordinates": [[100.3563316, 15.2500753], [100.3563626, 15.2497879], [100.3564226, 15.2493141], [100.3565166, 15.2488142], [100.3565113, 15.2484047]]}}, {"type": "Feature", "properties": {"roadId": "Rd-0215", "name": null, "nameStatus": "missing", "roadType": "ค.ส.ล.", "lengthM": 109.0}, "geometry": {"type": "LineString", "coordinates": [[100.3551216, 15.2499975], [100.3557044, 15.2501057], [100.3557566, 15.250128], [100.3557569, 15.2501692], [100.3556904, 15.2504754]]}}, {"type": "Feature", "properties": {"roadId": "Rd-0216", "name": "ถ.พระสังข์", "nameStatus": "ok", "roadType": "ค.ส.ล.", "lengthM": 1036.2}, "geometry": {"type": "LineString", "coordinates": [[100.3529414, 15.2459182], [100.3495399, 15.2546829]]}}, {"type": "Feature", "properties": {"roadId": "Rd-0217", "name": "ถ.หอยสังข์", "nameStatus": "ok", "roadType": "ค.ส.ล.", "lengthM": 894.1}, "geometry": {"type": "LineString", "coordinates": [[100.3529554, 15.2458718], [100.3562935, 15.2462657], [100.3571395, 15.2461941], [100.3577354, 15.2459964], [100.3579763, 15.245979], [100.3584753, 15.2460504], [100.3601201, 15.2462213], [100.3603727, 15.2463102], [100.3610331, 15.2467716]]}}, {"type": "Feature", "properties": {"roadId": "Rd-0218", "name": "ถ.บ้านไร่ปลายนา", "nameStatus": "ok", "roadType": "ค.ส.ล.", "lengthM": 895.4}, "geometry": {"type": "LineString", "coordinates": [[100.3566185, 15.236445], [100.3588306, 15.2363924], [100.3595148, 15.2363687], [100.3597408, 15.2363458], [100.3602162, 15.2361978], [100.3607145, 15.2361517], [100.3619138, 15.2358666], [100.3620529, 15.2358408], [100.3626038, 15.2361236], [100.3627375, 15.2361933], [100.362776, 15.2362186], [100.3630649, 15.2365677], [100.3632886, 15.2368113], [100.3638311, 15.2370422], [100.3643227, 15.2372058], [100.3644238, 15.2372307]]}}, {"type": "Feature", "properties": {"roadId": "Rd-0219", "name": "ซ.ทวีชัย11", "nameStatus": "ok", "roadType": "ค.ส.ล.", "lengthM": 504.7}, "geometry": {"type": "LineString", "coordinates": [[100.3644244, 15.2373375], [100.3649026, 15.2376012], [100.3654565, 15.237735], [100.3656753, 15.2378434], [100.3660889, 15.2381271], [100.3667184, 15.2387073], [100.3668603, 15.2387927], [100.3669292, 15.2388354], [100.3674712, 15.2389849], [100.3679198, 15.2390606], [100.3685312, 15.2393715]]}}, {"type": "Feature", "properties": {"roadId": "Rd-0220", "name": null, "nameStatus": "missing", "roadType": "ค.ส.ล.", "lengthM": 564.4}, "geometry": {"type": "LineString", "coordinates": [[100.3663615, 15.2407021], [100.3664265, 15.2406205], [100.366884, 15.2402452], [100.3671481, 15.2400653], [100.3684699, 15.2394192], [100.3685322, 15.2393725], [100.3687015, 15.2394439], [100.368831, 15.2394823], [100.3691838, 15.2397271], [100.3692856, 15.2398598], [100.3697012, 15.2404452], [100.3701233, 15.2407759], [100.3703985, 15.24088], [100.3705604, 15.2409417]]}}, {"type": "Feature", "properties": {"roadId": "Rd-0221", "name": "ซ.ทวีชัย10", "nameStatus": "ok", "roadType": "ค.ส.ล.", "lengthM": 895.0}, "geometry": {"type": "LineString", "coordinates": [[100.3623465, 15.2453761], [100.3626402, 15.2452215], [100.3630094, 15.2448703], [100.3634343, 15.2443895], [100.363767, 15.2440249], [100.3642434, 15.243387], [100.3644639, 15.2431466], [100.3645407, 15.2431539], [100.3649737, 15.2433199], [100.3663865, 15.2438875], [100.3666454, 15.2439653], [100.3670072, 15.2440415], [100.3670416, 15.2440413], [100.3670634, 15.2439823], [100.3670648, 15.2438863], [100.3670704, 15.2438098], [100.3670941, 15.2437332], [100.3671848, 15.243717], [100.3675878, 15.2436009], [100.3675669, 15.2431742], [100.3676028, 15.2431093], [100.3677881, 15.243046], [100.3686719, 15.2429779]]}}, {"type": "Feature", "properties": {"roadId": "Rd-0222", "name": "ซ.ทวีชัย10", "nameStatus": "ok", "roadType": "ค.ส.ล.", "lengthM": 336.0}, "geometry": {"type": "LineString", "coordinates": [[100.3644649, 15.2431456], [100.3651103, 15.2424268], [100.3656926, 15.2416201], [100.3663413, 15.2407206]]}}, {"type": "Feature", "properties": {"roadId": "Rd-0223", "name": "ซ.รักตาคลี", "nameStatus": "ok", "roadType": "ค.ส.ล.", "lengthM": 467.7}, "geometry": {"type": "LineString", "coordinates": [[100.3639509, 15.240259], [100.3625822, 15.2399024], [100.3620382, 15.2396907], [100.3614365, 15.239433], [100.3611258, 15.2393954], [100.3597575, 15.2392171]]}}, {"type": "Feature", "properties": {"roadId": "Rd-0224", "name": "ทวีชัย7/1", "nameStatus": "ok", "roadType": "ค.ส.ล.", "lengthM": 153.5}, "geometry": {"type": "LineString", "coordinates": [[100.3582415, 15.2538275], [100.3582235, 15.2552145]]}}, {"type": "Feature", "properties": {"roadId": "Rd-0225", "name": "ทวีชัย7/2", "nameStatus": "ok", "roadType": "ค.ส.ล.", "lengthM": 158.3}, "geometry": {"type": "LineString", "coordinates": [[100.358666, 15.2538705], [100.3586646, 15.2553014]]}}, {"type": "Feature", "properties": {"roadId": "Rd-0226", "name": "ทวีชัย7/3", "nameStatus": "ok", "roadType": "ค.ส.ล.", "lengthM": 161.8}, "geometry": {"type": "LineString", "coordinates": [[100.3589182, 15.253887], [100.3589232, 15.2548057], [100.3588971, 15.2553493]]}}, {"type": "Feature", "properties": {"roadId": "Rd-0227", "name": "ทางหลวงเทศบาล", "nameStatus": "ok", "roadType": "ค.ส.ล.", "lengthM": 211.3}, "geometry": {"type": "LineString", "coordinates": [[100.359367, 15.2554553], [100.3594318, 15.2535463]]}}, {"type": "Feature", "properties": {"roadId": "Rd-0228", "name": "ทางหลวงเทศบาล", "nameStatus": "ok", "roadType": "ค.ส.ล.", "lengthM": 193.9}, "geometry": {"type": "LineString", "coordinates": [[100.3578542, 15.2532855], [100.3571664, 15.2549058]]}}, {"type": "Feature", "properties": {"roadId": "Rd-0229", "name": null, "nameStatus": "missing", "roadType": "ค.ส.ล.", "lengthM": 162.8}, "geometry": {"type": "LineString", "coordinates": [[100.3572918, 15.253037], [100.3571907, 15.253477], [100.3569544, 15.2544718]]}}, {"type": "Feature", "properties": {"roadId": "Rd-0230", "name": null, "nameStatus": "missing", "roadType": "ค.ส.ล.", "lengthM": 118.1}, "geometry": {"type": "LineString", "coordinates": [[100.3617824, 15.2527536], [100.361937, 15.2538103]]}}, {"type": "Feature", "properties": {"roadId": "Rd-0231", "name": "ทางเทศบาล", "nameStatus": "ok", "roadType": "ค.ส.ล.", "lengthM": 61.5}, "geometry": {"type": "LineString", "coordinates": [[100.357499, 15.2509594], [100.3580652, 15.2510418]]}}, {"type": "Feature", "properties": {"roadId": "Rd-0232", "name": "ซ.ทวีชัย8", "nameStatus": "ok", "roadType": "ค.ส.ล.", "lengthM": 600.3}, "geometry": {"type": "LineString", "coordinates": [[100.3591328, 15.2489676], [100.3592057, 15.2490882], [100.3593342, 15.2494831], [100.3594561, 15.2498234], [100.3595342, 15.2501078], [100.3596455, 15.2504238], [100.3603156, 15.2501717], [100.3605542, 15.2500486], [100.3615241, 15.2497015], [100.3622956, 15.2494897], [100.3625812, 15.2494162], [100.3634451, 15.2492538]]}}, {"type": "Feature", "properties": {"roadId": "Rd-0233", "name": null, "nameStatus": "missing", "roadType": "ค.ส.ล.", "lengthM": 107.3}, "geometry": {"type": "LineString", "coordinates": [[100.3610828, 15.2468342], [100.3613446, 15.2470323], [100.3616102, 15.2476196], [100.3616159, 15.2476232]]}}, {"type": "Feature", "properties": {"roadId": "Rd-0234", "name": "ถ.เทพารักษ์", "nameStatus": "ok", "roadType": "ค.ส.ล.", "lengthM": 1063.8}, "geometry": {"type": "LineString", "coordinates": [[100.3548072, 15.2190638], [100.3557665, 15.219709], [100.3561051, 15.219905], [100.3566166, 15.2199971], [100.3567035, 15.22002], [100.3569952, 15.2201633], [100.3570907, 15.2202782], [100.3572421, 15.2203318], [100.3575524, 15.220369], [100.3579107, 15.2203746], [100.3582626, 15.2203826], [100.3585842, 15.2204244], [100.3586338, 15.2206471], [100.3587161, 15.2209508], [100.3587614, 15.2209942], [100.3589176, 15.2210623], [100.359033, 15.2212675], [100.3592116, 15.2215566], [100.3594838, 15.2219177], [100.3596895, 15.2221738], [100.3598047, 15.2223424], [100.3598145, 15.2223766], [100.3602545, 15.2223365], [100.3607926, 15.2223208], [100.3608008, 15.2223422], [100.3606154, 15.2230063], [100.36057, 15.2231883], [100.360937, 15.2232897], [100.3614912, 15.2232584], [100.3616481, 15.2234031], [100.361861, 15.2235543]]}}, {"type": "Feature", "properties": {"roadId": "Rd-0235", "name": "ซ.ทวีชัย12", "nameStatus": "ok", "roadType": "ค.ส.ล.", "lengthM": 517.5}, "geometry": {"type": "LineString", "coordinates": [[100.3639326, 15.2224913], [100.36421, 15.2227123], [100.3644246, 15.2228577], [100.364547, 15.2229115], [100.3662998, 15.2238946], [100.3669062, 15.2242528], [100.3671771, 15.2244134], [100.3680304, 15.2249401]]}}, {"type": "Feature", "properties": {"roadId": "Rd-0236", "name": null, "nameStatus": "missing", "roadType": null, "lengthM": 90.4}, "geometry": {"type": "LineString", "coordinates": [[100.355623, 15.230085], [100.354782, 15.2301211]]}}, {"type": "Feature", "properties": {"roadId": "Rd-0237", "name": "ทางหลวงเทศบาล", "nameStatus": "ok", "roadType": "ค.ส.ล.", "lengthM": 144.8}, "geometry": {"type": "LineString", "coordinates": [[100.3567485, 15.2190209], [100.3567712, 15.219123], [100.3568448, 15.2193168], [100.357, 15.2197245], [100.3570149, 15.21979], [100.35705, 15.2200027], [100.35709, 15.2202349], [100.3570968, 15.2202793]]}}, {"type": "Feature", "properties": {"roadId": "Rd-0238", "name": "ทางหลวงเทศบาล", "nameStatus": "ok", "roadType": "ค.ส.ล.", "lengthM": 78.4}, "geometry": {"type": "LineString", "coordinates": [[100.3593185, 15.2204432], [100.3590275, 15.2204122], [100.3585906, 15.2204242]]}}, {"type": "Feature", "properties": {"roadId": "Rd-0239", "name": "ทางหลวงเทศบาล", "nameStatus": "ok", "roadType": "ค.ส.ล.", "lengthM": 58.0}, "geometry": {"type": "LineString", "coordinates": [[100.358969, 15.2209365], [100.3590167, 15.2204146]]}}, {"type": "Feature", "properties": {"roadId": "Rd-0240", "name": "ทางหลวงเทศบาล", "nameStatus": "ok", "roadType": "ค.ส.ล.", "lengthM": 72.4}, "geometry": {"type": "LineString", "coordinates": [[100.3579075, 15.2203823], [100.357966, 15.2206043], [100.3579054, 15.2208074], [100.3579173, 15.2210211]]}}, {"type": "Feature", "properties": {"roadId": "Rd-0241", "name": "ทางหลวงเทศบาล", "nameStatus": "ok", "roadType": "ค.ส.ล.", "lengthM": 54.6}, "geometry": {"type": "LineString", "coordinates": [[100.3587409, 15.2217083], [100.3587366, 15.2216608], [100.3591336, 15.2214369]]}}, {"type": "Feature", "properties": {"roadId": "Rd-0242", "name": null, "nameStatus": "missing", "roadType": "ค.ส.ล.", "lengthM": 34.6}, "geometry": {"type": "LineString", "coordinates": [[100.3592415, 15.221593], [100.3593144, 15.2215676], [100.3594645, 15.221548], [100.3595577, 15.2215451]]}}, {"type": "Feature", "properties": {"roadId": "Rd-0243", "name": "ทางหลวงเทศบาล", "nameStatus": "ok", "roadType": "ค.ส.ล.", "lengthM": 60.4}, "geometry": {"type": "LineString", "coordinates": [[100.3589627, 15.2221359], [100.3592298, 15.2220377], [100.3594465, 15.221871]]}}, {"type": "Feature", "properties": {"roadId": "Rd-0244", "name": "ทางหลวงเทศบาล", "nameStatus": "ok", "roadType": "ค.ส.ล.", "lengthM": 43.7}, "geometry": {"type": "LineString", "coordinates": [[100.3611885, 15.2223234], [100.3608325, 15.222292], [100.3607941, 15.2223219]]}}, {"type": "Feature", "properties": {"roadId": "Rd-0245", "name": "มาลัย1", "nameStatus": "ok", "roadType": "ค.ส.ล.", "lengthM": 171.6}, "geometry": {"type": "LineString", "coordinates": [[100.3425676, 15.2669105], [100.3440852, 15.2673957]]}}, {"type": "Feature", "properties": {"roadId": "Rd-0246", "name": "มาลัย2", "nameStatus": "ok", "roadType": "ค.ส.ล.", "lengthM": 231.0}, "geometry": {"type": "LineString", "coordinates": [[100.3415845, 15.2679466], [100.3416389, 15.2679874], [100.3417309, 15.268006], [100.3421909, 15.2681064], [100.3436285, 15.2685756]]}}, {"type": "Feature", "properties": {"roadId": "Rd-0247", "name": "ถ.มาลัย", "nameStatus": "ok", "roadType": "ค.ส.ล.", "lengthM": 512.5}, "geometry": {"type": "LineString", "coordinates": [[100.3449073, 15.2653145], [100.3432177, 15.2696466]]}}, {"type": "Feature", "properties": {"roadId": "Rd-0248", "name": "ซ.ตีคลี7", "nameStatus": "ok", "roadType": "ค.ส.ล.", "lengthM": 41.8}, "geometry": {"type": "LineString", "coordinates": [[100.3458707, 15.2588706], [100.3459924, 15.2588794], [100.3460146, 15.2588596], [100.346249, 15.2588956]]}}, {"type": "Feature", "properties": {"roadId": "Rd-0249", "name": "ตีคลี6", "nameStatus": "ok", "roadType": "ค.ส.ล.", "lengthM": 61.1}, "geometry": {"type": "LineString", "coordinates": [[100.3454504, 15.2599589], [100.3457534, 15.2600248], [100.3460055, 15.2600791]]}}, {"type": "Feature", "properties": {"roadId": "Rd-0250", "name": "ซ.ตีคลี5", "nameStatus": "ok", "roadType": "ค.ส.ล.", "lengthM": 45.6}, "geometry": {"type": "LineString", "coordinates": [[100.3455727, 15.2602517], [100.3457708, 15.2603157], [100.3459816, 15.2603624]]}}, {"type": "Feature", "properties": {"roadId": "Rd-0251", "name": "ซ.ตีคลี4", "nameStatus": "ok", "roadType": "ค.ส.ล.", "lengthM": 117.5}, "geometry": {"type": "LineString", "coordinates": [[100.3449308, 15.2604455], [100.3449479, 15.2605224], [100.3451499, 15.260602], [100.3454473, 15.2606775], [100.3459282, 15.2607557]]}}, {"type": "Feature", "properties": {"roadId": "Rd-0252", "name": "ซ.ตีคลี3", "nameStatus": "ok", "roadType": "ค.ส.ล.", "lengthM": 102.6}, "geometry": {"type": "LineString", "coordinates": [[100.3449707, 15.2606823], [100.3453876, 15.2607921], [100.3456394, 15.2608491], [100.3458926, 15.2609239]]}}, {"type": "Feature", "properties": {"roadId": "Rd-0253", "name": "ซ.ตีคลี2", "nameStatus": "ok", "roadType": "ค.ส.ล.", "lengthM": 130.0}, "geometry": {"type": "LineString", "coordinates": [[100.3447101, 15.2608079], [100.3450057, 15.2609156], [100.3451821, 15.2609809], [100.3458339, 15.2612431]]}}, {"type": "Feature", "properties": {"roadId": "Rd-0254", "name": null, "nameStatus": "missing", "roadType": "ค.ส.ล.", "lengthM": 60.8}, "geometry": {"type": "LineString", "coordinates": [[100.3461383, 15.2620185], [100.3457647, 15.2618894], [100.3457831, 15.261726]]}}, {"type": "Feature", "properties": {"roadId": "Rd-0255", "name": "ซ.ตีคลี7/1", "nameStatus": "ok", "roadType": "ค.ส.ล.", "lengthM": 40.1}, "geometry": {"type": "LineString", "coordinates": [[100.3459884, 15.2585726], [100.3463352, 15.2587078]]}}, {"type": "Feature", "properties": {"roadId": "Rd-0256", "name": "ซ.สาลีไทย2", "nameStatus": "ok", "roadType": "ค.ส.ล.", "lengthM": 107.6}, "geometry": {"type": "LineString", "coordinates": [[100.3462947, 15.2588349], [100.3465436, 15.2589155], [100.3469595, 15.2590701], [100.3472391, 15.2591584]]}}, {"type": "Feature", "properties": {"roadId": "Rd-0257", "name": "ซ.สาลีไทย1", "nameStatus": "ok", "roadType": "ค.ส.ล.", "lengthM": 89.9}, "geometry": {"type": "LineString", "coordinates": [[100.3460828, 15.259735], [100.3468934, 15.2599388]]}}, {"type": "Feature", "properties": {"roadId": "Rd-0258", "name": "ถ.สาลีไทย", "nameStatus": "ok", "roadType": "ค.ส.ล.", "lengthM": 100.7}, "geometry": {"type": "LineString", "coordinates": [[100.3465216, 15.2589097], [100.3462808, 15.259789]]}}, {"type": "Feature", "properties": {"roadId": "Rd-0259", "name": "ซ.ตีคลี8", "nameStatus": "ok", "roadType": "ค.ส.ล.", "lengthM": 106.4}, "geometry": {"type": "LineString", "coordinates": [[100.3466992, 15.2577841], [100.3457958, 15.2573897]]}}, {"type": "Feature", "properties": {"roadId": "Rd-0260", "name": "ถ.มิตรสัมพันธ์", "nameStatus": "ok", "roadType": "ค.ส.ล.", "lengthM": 230.6}, "geometry": {"type": "LineString", "coordinates": [[100.3471366, 15.2587282], [100.3478905, 15.256777]]}}, {"type": "Feature", "properties": {"roadId": "Rd-0261", "name": "ถ.ดวงนิมิตร", "nameStatus": "ok", "roadType": "ค.ส.ล.", "lengthM": 156.9}, "geometry": {"type": "LineString", "coordinates": [[100.3464949, 15.2589003], [100.3466137, 15.2585612], [100.3466251, 15.2584928], [100.346981, 15.2575643]]}}, {"type": "Feature", "properties": {"roadId": "Rd-0262", "name": "ถ.ตาคลีพัฒนา", "nameStatus": "ok", "roadType": "ค.ส.ล.", "lengthM": 983.9}, "geometry": {"type": "LineString", "coordinates": [[100.3450186, 15.2651008], [100.3461297, 15.2622464], [100.3461527, 15.2620192], [100.3462401, 15.2617003], [100.3464194, 15.261162], [100.3467012, 15.2604195], [100.3472738, 15.2590974], [100.3479768, 15.2572482], [100.3481436, 15.2567528]]}}, {"type": "Feature", "properties": {"roadId": "Rd-0263", "name": "ซ.ทิพย์พิมาน", "nameStatus": "ok", "roadType": "ค.ส.ล.", "lengthM": 465.0}, "geometry": {"type": "LineString", "coordinates": [[100.348633, 15.2528571], [100.3472723, 15.2528724], [100.3460689, 15.2528264], [100.3451932, 15.2526597], [100.3443364, 15.2528157]]}}, {"type": "Feature", "properties": {"roadId": "Rd-0264", "name": "ถ.ยศวิมล", "nameStatus": "ok", "roadType": "ค.ส.ล.", "lengthM": 802.6}, "geometry": {"type": "LineString", "coordinates": [[100.3482343, 15.2581178], [100.349036, 15.2583886], [100.3496081, 15.2585771], [100.3502062, 15.2587762], [100.3506235, 15.2588903], [100.3507331, 15.2589116], [100.3508534, 15.2589342], [100.3509432, 15.2589641], [100.351035, 15.2589972], [100.3513985, 15.2591119], [100.351689, 15.2592145], [100.3519156, 15.2593022], [100.3520036, 15.2593362], [100.3522168, 15.2594395], [100.3524428, 15.2595339], [100.3527447, 15.2596094], [100.3528894, 15.2596391], [100.3530939, 15.2596104], [100.3532704, 15.25963], [100.3534968, 15.2596568], [100.3537198, 15.2596971], [100.3540159, 15.2597615], [100.3543949, 15.2598254], [100.3548624, 15.2599047], [100.3552366, 15.2599271], [100.3554122, 15.2599282]]}}, {"type": "Feature", "properties": {"roadId": "Rd-0265", "name": "ถ.จันทร์เทวี", "nameStatus": "ok", "roadType": "ค.ส.ล.", "lengthM": 727.0}, "geometry": {"type": "LineString", "coordinates": [[100.3489641, 15.2574208], [100.3497666, 15.2575766], [100.3510144, 15.2578635], [100.3530087, 15.2582725], [100.3555939, 15.2587426]]}}, {"type": "Feature", "properties": {"roadId": "Rd-0266", "name": "ซ.สระตาเฉื่อย", "nameStatus": "ok", "roadType": "ค.ส.ล.", "lengthM": 307.6}, "geometry": {"type": "LineString", "coordinates": [[100.3492417, 15.2566857], [100.3500545, 15.2569364], [100.3501432, 15.2569484], [100.350981, 15.2570761], [100.352046, 15.257206]]}}, {"type": "Feature", "properties": {"roadId": "Rd-0267", "name": "ถ.พรหมนคร", "nameStatus": "ok", "roadType": "ค.ส.ล.", "lengthM": 449.0}, "geometry": {"type": "LineString", "coordinates": [[100.3508085, 15.2614473], [100.3514611, 15.2615187], [100.3518992, 15.2615466], [100.352471, 15.2616777], [100.3528951, 15.2618348], [100.3546263, 15.2624126], [100.3548299, 15.2624724]]}}, {"type": "Feature", "properties": {"roadId": "Rd-0268", "name": "ซ.พรหมนคร2", "nameStatus": "ok", "roadType": "ค.ส.ล.", "lengthM": 483.0}, "geometry": {"type": "LineString", "coordinates": [[100.3513964, 15.2615147], [100.3515837, 15.2617655], [100.3517185, 15.2618858], [100.3518446, 15.2619595], [100.3519023, 15.2620291], [100.3519611, 15.2621301], [100.3520063, 15.2622661], [100.3520164, 15.2623871], [100.3520514, 15.2625223], [100.3521317, 15.26266], [100.3522386, 15.2627876], [100.3522808, 15.2628904], [100.3524096, 15.2631354], [100.3524949, 15.2631842], [100.3527926, 15.2633949], [100.3529502, 15.2634828], [100.3532039, 15.2636131], [100.3532884, 15.2636852], [100.353339, 15.2637836], [100.353429, 15.2639929], [100.3535507, 15.2642397], [100.3536357, 15.2643844], [100.3536812, 15.2644272], [100.3539251, 15.2647495], [100.3540282, 15.2648762]]}}, {"type": "Feature", "properties": {"roadId": "Rd-0269", "name": "ซ.มัสยา1", "nameStatus": "ok", "roadType": "ค.ส.ล.", "lengthM": 158.2}, "geometry": {"type": "LineString", "coordinates": [[100.3520665, 15.264523], [100.3521076, 15.2642968], [100.3522177, 15.2637491], [100.3523113, 15.2633656], [100.3523831, 15.2631813], [100.3524115, 15.2631381]]}}, {"type": "Feature", "properties": {"roadId": "Rd-0270", "name": "ซ.ยศวิมล1", "nameStatus": "ok", "roadType": "ค.ส.ล.", "lengthM": 101.4}, "geometry": {"type": "LineString", "coordinates": [[100.3497099, 15.2586074], [100.349537, 15.2590085], [100.3493949, 15.2593322], [100.3493467, 15.2594535]]}}, {"type": "Feature", "properties": {"roadId": "Rd-0271", "name": "ซ.ยศวิมล4", "nameStatus": "ok", "roadType": "ค.ส.ล.", "lengthM": 106.2}, "geometry": {"type": "LineString", "coordinates": [[100.352059, 15.2604179], [100.3522701, 15.2599252], [100.3524506, 15.2595366]]}}, {"type": "Feature", "properties": {"roadId": "Rd-0272", "name": "ซ.ยศวิมล5", "nameStatus": "ok", "roadType": "ค.ส.ล.", "lengthM": 111.8}, "geometry": {"type": "LineString", "coordinates": [[100.3523017, 15.2605258], [100.3523837, 15.260346], [100.3525169, 15.2600797], [100.352708, 15.2596409], [100.3527244, 15.2596031]]}}, {"type": "Feature", "properties": {"roadId": "Rd-0273", "name": "ซ.ยศวิมล3", "nameStatus": "ok", "roadType": "ค.ส.ล.", "lengthM": 71.7}, "geometry": {"type": "LineString", "coordinates": [[100.3517089, 15.2599178], [100.3518112, 15.2597472], [100.351921, 15.2595672], [100.3520425, 15.2593566]]}}, {"type": "Feature", "properties": {"roadId": "Rd-0274", "name": "ซ.ยศวิมล6", "nameStatus": "ok", "roadType": "ค.ส.ล.", "lengthM": 31.1}, "geometry": {"type": "LineString", "coordinates": [[100.3527764, 15.2598992], [100.3528228, 15.2597761], [100.3528838, 15.2596385]]}}, {"type": "Feature", "properties": {"roadId": "Rd-0275", "name": "ซ.ยศวิมล7", "nameStatus": "ok", "roadType": "ค.ส.ล.", "lengthM": 146.8}, "geometry": {"type": "LineString", "coordinates": [[100.3530975, 15.2596112], [100.3530712, 15.259267], [100.3530355, 15.2591632], [100.3530191, 15.2589157], [100.3529888, 15.2582923]]}}, {"type": "Feature", "properties": {"roadId": "Rd-0276", "name": "ถ.จันทรา", "nameStatus": "ok", "roadType": "ค.ส.ล.", "lengthM": 745.1}, "geometry": {"type": "LineString", "coordinates": [[100.3495063, 15.2560886], [100.3503509, 15.2561301], [100.3509331, 15.2561517], [100.3509797, 15.2565102], [100.3512074, 15.2565788], [100.3517345, 15.2566653], [100.3517756, 15.256735], [100.3525901, 15.2567421], [100.3531301, 15.2567779], [100.353154, 15.2567316], [100.3545379, 15.2567714], [100.3560046, 15.2570126]]}}, {"type": "Feature", "properties": {"roadId": "Rd-0277", "name": "ซ.จันทรา1", "nameStatus": "ok", "roadType": "ค.ส.ล.", "lengthM": 69.4}, "geometry": {"type": "LineString", "coordinates": [[100.3498843, 15.2561123], [100.3499049, 15.2557194], [100.3496655, 15.2556975]]}}, {"type": "Feature", "properties": {"roadId": "Rd-0278", "name": "ซ.จันทรา2", "nameStatus": "ok", "roadType": "ค.ส.ล.", "lengthM": 70.6}, "geometry": {"type": "LineString", "coordinates": [[100.3508019, 15.2561481], [100.3509142, 15.2555196]]}}, {"type": "Feature", "properties": {"roadId": "Rd-0279", "name": "ซ.จำปาทอง", "nameStatus": "ok", "roadType": "ค.ส.ล.", "lengthM": 171.8}, "geometry": {"type": "LineString", "coordinates": [[100.3494929, 15.2551425], [100.3498919, 15.2551347], [100.3505128, 15.2551453], [100.3510925, 15.2551565]]}}, {"type": "Feature", "properties": {"roadId": "Rd-0280", "name": "ซ.สุวรรณสังข์2", "nameStatus": "ok", "roadType": "ค.ส.ล.", "lengthM": 140.3}, "geometry": {"type": "LineString", "coordinates": [[100.3535033, 15.2546054], [100.3535028, 15.2548206], [100.3534545, 15.2553572], [100.3534042, 15.2558687]]}}, {"type": "Feature", "properties": {"roadId": "Rd-0281", "name": "ซ.สุวรรณสังข์1", "nameStatus": "ok", "roadType": "ค.ส.ล.", "lengthM": 81.5}, "geometry": {"type": "LineString", "coordinates": [[100.3530969, 15.2546168], [100.353099, 15.2546464], [100.3530756, 15.2550366], [100.3527506, 15.2550583]]}}, {"type": "Feature", "properties": {"roadId": "Rd-0282", "name": "ซ.สุวรรณสังข์3", "nameStatus": "ok", "roadType": "ค.ส.ล.", "lengthM": 158.5}, "geometry": {"type": "LineString", "coordinates": [[100.3540938, 15.2546377], [100.3540979, 15.2547004], [100.3540829, 15.2549552], [100.3540069, 15.2560678]]}}, {"type": "Feature", "properties": {"roadId": "Rd-0283", "name": "ซ.ยศวิมล8", "nameStatus": "ok", "roadType": "ค.ส.ล.", "lengthM": 42.9}, "geometry": {"type": "LineString", "coordinates": [[100.3535152, 15.2596665], [100.353464, 15.2600507]]}}, {"type": "Feature", "properties": {"roadId": "Rd-0284", "name": "ซ.ตาคลีวิลล่า1", "nameStatus": "ok", "roadType": "ค.ส.ล.", "lengthM": 60.3}, "geometry": {"type": "LineString", "coordinates": [[100.3562205, 15.2698098], [100.3556955, 15.2696158]]}}, {"type": "Feature", "properties": {"roadId": "Rd-0285", "name": "ซ.ตาคลีวิลล่า4", "nameStatus": "ok", "roadType": "ค.ส.ล.", "lengthM": 77.0}, "geometry": {"type": "LineString", "coordinates": [[100.356191, 15.2702095], [100.356907, 15.2701689]]}}, {"type": "Feature", "properties": {"roadId": "Rd-0286", "name": "ซ.ตาคลีวิลล่า2", "nameStatus": "ok", "roadType": "ค.ส.ล.", "lengthM": 70.0}, "geometry": {"type": "LineString", "coordinates": [[100.356846, 15.2700421], [100.3562353, 15.2698214]]}}, {"type": "Feature", "properties": {"roadId": "Rd-0287", "name": "ซ.ตาคลีวิลล่า3", "nameStatus": "ok", "roadType": "ค.ส.ล.", "lengthM": 67.5}, "geometry": {"type": "LineString", "coordinates": [[100.355537, 15.2703002], [100.3561646, 15.2702629]]}}, {"type": "Feature", "properties": {"roadId": "Rd-0288", "name": "ซ.ตาคลีวิลล่า5", "nameStatus": "ok", "roadType": "ค.ส.ล.", "lengthM": 61.4}, "geometry": {"type": "LineString", "coordinates": [[100.3556063, 15.270608], [100.3561773, 15.2705773]]}}, {"type": "Feature", "properties": {"roadId": "Rd-0289", "name": "ซ.ตาคลีวิลล่า6", "nameStatus": "ok", "roadType": "ค.ส.ล.", "lengthM": 90.2}, "geometry": {"type": "LineString", "coordinates": [[100.3570189, 15.270532], [100.35618, 15.2705773]]}}, {"type": "Feature", "properties": {"roadId": "Rd-0290", "name": "ซ.ตาคลีวิลล่า", "nameStatus": "ok", "roadType": "ค.ส.ล.", "lengthM": 142.6}, "geometry": {"type": "LineString", "coordinates": [[100.3562756, 15.2694443], [100.3562246, 15.2698182], [100.3561713, 15.2702596], [100.3561903, 15.2707264]]}}, {"type": "Feature", "properties": {"roadId": "Rd-0291", "name": "พหลโยธิน ชัยนาท-ตาคลี", "nameStatus": "ok", "roadType": "ลาดยาง", "lengthM": 4970.2}, "geometry": {"type": "LineString", "coordinates": [[100.3188962, 15.2597205], [100.3304431, 15.2628783], [100.3324065, 15.2634458], [100.3351127, 15.2641779], [100.3387692, 15.2651416], [100.3435948, 15.2646191], [100.3437018, 15.2646413], [100.3448963, 15.2650926], [100.3487803, 15.2664975], [100.3557862, 15.2689652], [100.359304, 15.2702391], [100.3630923, 15.2715864]]}}, {"type": "Feature", "properties": {"roadId": "Rd-0292", "name": "ถาวโร3", "nameStatus": "ok", "roadType": "ค.ส.ล.", "lengthM": 183.9}, "geometry": {"type": "LineString", "coordinates": [[100.3299796, 15.2639889], [100.3314837, 15.2647826]]}}, {"type": "Feature", "properties": {"roadId": "Rd-0293", "name": "ถาวโร7", "nameStatus": "ok", "roadType": "ค.ส.ล.", "lengthM": 130.0}, "geometry": {"type": "LineString", "coordinates": [[100.3296619, 15.2655736], [100.330712, 15.2661573]]}}, {"type": "Feature", "properties": {"roadId": "Rd-0294", "name": "ถาวโร2", "nameStatus": "ok", "roadType": "ค.ส.ล.", "lengthM": 195.0}, "geometry": {"type": "LineString", "coordinates": [[100.3300815, 15.2636371], [100.331597, 15.2646071]]}}, {"type": "Feature", "properties": {"roadId": "Rd-0295", "name": "ถาวโร1", "nameStatus": "ok", "roadType": "ค.ส.ล.", "lengthM": 63.7}, "geometry": {"type": "LineString", "coordinates": [[100.3302343, 15.2633398], [100.3307471, 15.2636292]]}}, {"type": "Feature", "properties": {"roadId": "Rd-0296", "name": "รวมใจ 8", "nameStatus": "ok", "roadType": "ค.ส.ล.", "lengthM": 39.6}, "geometry": {"type": "LineString", "coordinates": [[100.3218301, 15.2632237], [100.3219483, 15.2635632]]}}, {"type": "Feature", "properties": {"roadId": "Rd-0297", "name": "รวมใจ 6", "nameStatus": "ok", "roadType": "ค.ส.ล.", "lengthM": 65.0}, "geometry": {"type": "LineString", "coordinates": [[100.3226361, 15.2629783], [100.3228355, 15.2635326]]}}, {"type": "Feature", "properties": {"roadId": "Rd-0298", "name": "ซ.รวมใจ", "nameStatus": "ok", "roadType": "ค.ส.ล.", "lengthM": 21.2}, "geometry": {"type": "LineString", "coordinates": [[100.3254659, 15.2617918], [100.3253977, 15.261972]]}}, {"type": "Feature", "properties": {"roadId": "Rd-0299", "name": "รวมใจ 5", "nameStatus": "ok", "roadType": "ค.ส.ล.", "lengthM": 60.6}, "geometry": {"type": "LineString", "coordinates": [[100.3230149, 15.2628102], [100.3232003, 15.2633275]]}}, {"type": "Feature", "properties": {"roadId": "Rd-0300", "name": "รวมใจ 4", "nameStatus": "ok", "roadType": "ค.ส.ล.", "lengthM": 54.1}, "geometry": {"type": "LineString", "coordinates": [[100.3234021, 15.2626832], [100.3235537, 15.2631492]]}}, {"type": "Feature", "properties": {"roadId": "Rd-0301", "name": "รวมใจ 3", "nameStatus": "ok", "roadType": "ค.ส.ล.", "lengthM": 48.3}, "geometry": {"type": "LineString", "coordinates": [[100.3238015, 15.2625594], [100.323936, 15.2629758]]}}, {"type": "Feature", "properties": {"roadId": "Rd-0302", "name": "รวมใจ 2", "nameStatus": "ok", "roadType": "ค.ส.ล.", "lengthM": 42.2}, "geometry": {"type": "LineString", "coordinates": [[100.3241949, 15.2624324], [100.3243159, 15.2627951]]}}, {"type": "Feature", "properties": {"roadId": "Rd-0303", "name": "รวมใจ 1/1", "nameStatus": "ok", "roadType": "ค.ส.ล.", "lengthM": 48.8}, "geometry": {"type": "LineString", "coordinates": [[100.3245632, 15.2622301], [100.3247242, 15.2626428]]}}, {"type": "Feature", "properties": {"roadId": "Rd-0304", "name": "รวมใจ 1", "nameStatus": "ok", "roadType": "ค.ส.ล.", "lengthM": 41.5}, "geometry": {"type": "LineString", "coordinates": [[100.3250003, 15.2621375], [100.3251201, 15.2624939]]}}, {"type": "Feature", "properties": {"roadId": "Rd-0305", "name": "รวมใจ 7", "nameStatus": "ok", "roadType": "ค.ส.ล.", "lengthM": 59.7}, "geometry": {"type": "LineString", "coordinates": [[100.3222198, 15.2630732], [100.3224016, 15.2635834]]}}, {"type": "Feature", "properties": {"roadId": "Rd-0306", "name": null, "nameStatus": "missing", "roadType": "ค.ส.ล.", "lengthM": 213.8}, "geometry": {"type": "LineString", "coordinates": [[100.3218312, 15.2632226], [100.3212072, 15.261556], [100.3211602, 15.2614034]]}}, {"type": "Feature", "properties": {"roadId": "Rd-0307", "name": null, "nameStatus": "missing", "roadType": "ค.ส.ล.", "lengthM": 215.8}, "geometry": {"type": "LineString", "coordinates": [[100.3222191, 15.2630711], [100.3220313, 15.2625261], [100.3217696, 15.2618267], [100.3215623, 15.2612277]]}}, {"type": "Feature", "properties": {"roadId": "Rd-0308", "name": null, "nameStatus": "missing", "roadType": "ค.ส.ล.", "lengthM": 219.1}, "geometry": {"type": "LineString", "coordinates": [[100.3226293, 15.2629662], [100.3224261, 15.2623932], [100.3221525, 15.2616306], [100.3219609, 15.2610948]]}}, {"type": "Feature", "properties": {"roadId": "Rd-0309", "name": null, "nameStatus": "missing", "roadType": "ค.ส.ล.", "lengthM": 229.4}, "geometry": {"type": "LineString", "coordinates": [[100.3230086, 15.2628111], [100.3228169, 15.262253], [100.3225319, 15.2615016], [100.3224028, 15.2611295], [100.3224749, 15.2608465]]}}, {"type": "Feature", "properties": {"roadId": "Rd-0310", "name": null, "nameStatus": "missing", "roadType": "ค.ส.ล.", "lengthM": 198.0}, "geometry": {"type": "LineString", "coordinates": [[100.3234021, 15.2626845], [100.3231725, 15.2620086], [100.322899, 15.2612571], [100.3229789, 15.2609871]]}}, {"type": "Feature", "properties": {"roadId": "Rd-0311", "name": null, "nameStatus": "missing", "roadType": "ค.ส.ล.", "lengthM": 166.7}, "geometry": {"type": "LineString", "coordinates": [[100.3238015, 15.2625581], [100.3236026, 15.2619911], [100.3233915, 15.2614033], [100.3234694, 15.2611279]]}}, {"type": "Feature", "properties": {"roadId": "Rd-0312", "name": null, "nameStatus": "missing", "roadType": "ค.ส.ล.", "lengthM": 136.8}, "geometry": {"type": "LineString", "coordinates": [[100.3241949, 15.2624343], [100.3238835, 15.2615198], [100.3239571, 15.2612556]]}}, {"type": "Feature", "properties": {"roadId": "Rd-0313", "name": null, "nameStatus": "missing", "roadType": "ค.ส.ล.", "lengthM": 100.9}, "geometry": {"type": "LineString", "coordinates": [[100.3245638, 15.2622307], [100.3244015, 15.2617531], [100.3245396, 15.2616961], [100.3246215, 15.2614449]]}}, {"type": "Feature", "properties": {"roadId": "Rd-0314", "name": null, "nameStatus": "missing", "roadType": "ค.ส.ล.", "lengthM": 91.3}, "geometry": {"type": "LineString", "coordinates": [[100.324595, 15.2622537], [100.325396, 15.2619768]]}}, {"type": "Feature", "properties": {"roadId": "Rd-0315", "name": null, "nameStatus": "missing", "roadType": "ค.ส.ล.", "lengthM": 44.5}, "geometry": {"type": "LineString", "coordinates": [[100.3240068, 15.2618756], [100.3244015, 15.2617531]]}}, {"type": "Feature", "properties": {"roadId": "Rd-0316", "name": null, "nameStatus": "missing", "roadType": "ค.ส.ล.", "lengthM": 223.7}, "geometry": {"type": "LineString", "coordinates": [[100.3220274, 15.2625186], [100.3232309, 15.2621275], [100.3240041, 15.2618821]]}}, {"type": "Feature", "properties": {"roadId": "Rd-0317", "name": null, "nameStatus": "missing", "roadType": "ค.ส.ล.", "lengthM": 309.6}, "geometry": {"type": "LineString", "coordinates": [[100.3218589, 15.2632019], [100.322518, 15.262978], [100.3230508, 15.2627997], [100.3234042, 15.2626904], [100.3238022, 15.2625614], [100.3245906, 15.2623076]]}}, {"type": "Feature", "properties": {"roadId": "Rd-0318", "name": null, "nameStatus": "missing", "roadType": "ค.ส.ล.", "lengthM": 47.0}, "geometry": {"type": "LineString", "coordinates": [[100.3216058, 15.2626516], [100.3220197, 15.2625149]]}}, {"type": "Feature", "properties": {"roadId": "Rd-0319", "name": null, "nameStatus": "missing", "roadType": "ค.ส.ล.", "lengthM": 135.8}, "geometry": {"type": "LineString", "coordinates": [[100.3213284, 15.2618889], [100.3218611, 15.2617068], [100.3222368, 15.2616002], [100.322528, 15.2615016]]}}, {"type": "Feature", "properties": {"roadId": "Rd-0320", "name": null, "nameStatus": "missing", "roadType": "รถไฟ", "lengthM": 7766.6}, "geometry": {"type": "LineString", "coordinates": [[100.3412115, 15.2754818], [100.345317, 15.2649852], [100.3492271, 15.254746], [100.3526502, 15.2456861], [100.3565608, 15.2356119], [100.3579828, 15.2319711], [100.3598434, 15.22711], [100.3606524, 15.2256603], [100.3618363, 15.2241202], [100.3627711, 15.2229441], [100.3722666, 15.2130835]]}}, {"type": "Feature", "properties": {"roadId": "Rd-0321", "name": null, "nameStatus": "missing", "roadType": "ค.ส.ล.", "lengthM": 549.5}, "geometry": {"type": "LineString", "coordinates": [[100.3261016, 15.2546237], [100.3272719, 15.2571061], [100.3273093, 15.2575064], [100.3277964, 15.2588186], [100.3280466, 15.2591851]]}}, {"type": "Feature", "properties": {"roadId": "Rd-0322", "name": null, "nameStatus": "missing", "roadType": "ค.ส.ล.", "lengthM": 684.3}, "geometry": {"type": "LineString", "coordinates": [[100.3310824, 15.2597319], [100.3305916, 15.2590502], [100.330213, 15.2585951], [100.3298981, 15.2583428], [100.3294222, 15.2580646], [100.3291993, 15.2578806], [100.3290286, 15.2576694], [100.3287766, 15.2572553], [100.3286366, 15.2570349], [100.3284848, 15.2568924], [100.3282316, 15.2567773], [100.328034, 15.2566888], [100.32791, 15.2565609], [100.3277854, 15.2563345], [100.3277073, 15.2561586], [100.3275769, 15.2558694], [100.3274918, 15.255553], [100.3274151, 15.255105], [100.3274019, 15.2549736]]}}, {"type": "Feature", "properties": {"roadId": "Rd-0323", "name": null, "nameStatus": "missing", "roadType": "ค.ส.ล.", "lengthM": 177.9}, "geometry": {"type": "LineString", "coordinates": [[100.331102, 15.25966], [100.3311877, 15.2590945], [100.3312249, 15.2586488], [100.3312596, 15.2582869], [100.3312305, 15.2580629]]}}, {"type": "Feature", "properties": {"roadId": "Rd-0324", "name": "ซ.มณฑา 2", "nameStatus": "ok", "roadType": "ค.ส.ล.", "lengthM": 117.4}, "geometry": {"type": "LineString", "coordinates": [[100.3298045, 15.2615691], [100.3308849, 15.2617298]]}}, {"type": "Feature", "properties": {"roadId": "Rd-0325", "name": "ซ.มณฑา 3", "nameStatus": "ok", "roadType": "ค.ส.ล.", "lengthM": 127.2}, "geometry": {"type": "LineString", "coordinates": [[100.329753, 15.2611183], [100.3309225, 15.2613012]]}}, {"type": "Feature", "properties": {"roadId": "Rd-0326", "name": "ซ.มณฑา 4", "nameStatus": "ok", "roadType": "ค.ส.ล.", "lengthM": 129.1}, "geometry": {"type": "LineString", "coordinates": [[100.329765, 15.2606539], [100.3309603, 15.2607813]]}}, {"type": "Feature", "properties": {"roadId": "Rd-0327", "name": "ซ.มณฑา 5", "nameStatus": "ok", "roadType": "ค.ส.ล.", "lengthM": 122.7}, "geometry": {"type": "LineString", "coordinates": [[100.3298484, 15.2604314], [100.3309844, 15.26055]]}}, {"type": "Feature", "properties": {"roadId": "Rd-0328", "name": "ซ.มณฑา 6", "nameStatus": "ok", "roadType": "ค.ส.ล.", "lengthM": 102.3}, "geometry": {"type": "LineString", "coordinates": [[100.3300946, 15.2600218], [100.331043, 15.260105]]}}, {"type": "Feature", "properties": {"roadId": "Rd-0329", "name": null, "nameStatus": "missing", "roadType": "ค.ส.ล.", "lengthM": 68.0}, "geometry": {"type": "LineString", "coordinates": [[100.3295139, 15.2609487], [100.329753, 15.2606696], [100.3298443, 15.260434]]}}, {"type": "Feature", "properties": {"roadId": "Rd-0330", "name": "ซ.มณฑา 1", "nameStatus": "ok", "roadType": "ค.ส.ล.", "lengthM": 99.0}, "geometry": {"type": "LineString", "coordinates": [[100.3299281, 15.2622744], [100.3308145, 15.2625215]]}}, {"type": "Feature", "properties": {"roadId": "Rd-0331", "name": null, "nameStatus": "missing", "roadType": "ค.ส.ล.", "lengthM": 176.3}, "geometry": {"type": "LineString", "coordinates": [[100.3296943, 15.2607431], [100.3297505, 15.2611183], [100.3298559, 15.2622552], [100.3299281, 15.2622744]]}}, {"type": "Feature", "properties": {"roadId": "Rd-0332", "name": "ซ.หลังอำเภอ", "nameStatus": "ok", "roadType": "ค.ส.ล.", "lengthM": 185.5}, "geometry": {"type": "LineString", "coordinates": [[100.3426623, 15.2628666], [100.342782, 15.2629096], [100.3436386, 15.2634304], [100.3437889, 15.2635432], [100.3440164, 15.2637406], [100.3440047, 15.2638311]]}}, {"type": "Feature", "properties": {"roadId": "Rd-0333", "name": "ซ.หกเขย", "nameStatus": "ok", "roadType": "ค.ส.ล.", "lengthM": 138.7}, "geometry": {"type": "LineString", "coordinates": [[100.3429658, 15.2645744], [100.3430761, 15.2644841], [100.3432662, 15.2643502], [100.3435447, 15.264121], [100.3440024, 15.26383]]}}, {"type": "Feature", "properties": {"roadId": "Rd-0334", "name": null, "nameStatus": "missing", "roadType": "ค.ส.ล.", "lengthM": 133.2}, "geometry": {"type": "LineString", "coordinates": [[100.3440027, 15.2638328], [100.3450655, 15.2644527]]}}, {"type": "Feature", "properties": {"roadId": "Rd-0335", "name": "ถ.ตีคลี", "nameStatus": "ok", "roadType": "ค.ส.ล.", "lengthM": 1031.6}, "geometry": {"type": "LineString", "coordinates": [[100.3457831, 15.261726], [100.3458117, 15.2614863], [100.3458332, 15.2612418], [100.3458961, 15.2609247], [100.3460065, 15.2603958], [100.3460125, 15.2602735], [100.3460045, 15.2600791], [100.3461109, 15.2596277], [100.3462741, 15.2588909], [100.3464653, 15.2583141], [100.3466788, 15.2578371], [100.3467936, 15.2575736], [100.346861, 15.2574098], [100.3469812, 15.2572161], [100.3471637, 15.2572461], [100.3471821, 15.2569319], [100.3472042, 15.2566973], [100.3471891, 15.2565846], [100.3471274, 15.2564169], [100.3470771, 15.2563505], [100.3470026, 15.2562117], [100.346971, 15.25609], [100.3469229, 15.2557887], [100.3468833, 15.2553934], [100.3468941, 15.2550805], [100.3469081, 15.2547518], [100.3469522, 15.2542864], [100.3470547, 15.2533784], [100.3471266, 15.2528679]]}}, {"type": "Feature", "properties": {"roadId": "Rd-0336", "name": null, "nameStatus": "missing", "roadType": "ค.ส.ล.", "lengthM": 96.6}, "geometry": {"type": "LineString", "coordinates": [[100.3494242, 15.2650114], [100.3494655, 15.2647361], [100.34978, 15.264788], [100.3497294, 15.2650693]]}}, {"type": "Feature", "properties": {"roadId": "Rd-0337", "name": null, "nameStatus": "missing", "roadType": "ค.ส.ล.", "lengthM": 269.0}, "geometry": {"type": "LineString", "coordinates": [[100.3495937, 15.2650433], [100.349825, 15.2650957], [100.3500052, 15.2653337], [100.3504649, 15.2654775], [100.3504263, 15.2656959], [100.3505069, 15.2657791], [100.3508804, 15.2659204], [100.3512886, 15.2661929], [100.3515109, 15.2662753]]}}, {"type": "Feature", "properties": {"roadId": "Rd-0338", "name": null, "nameStatus": "missing", "roadType": "ค.ส.ล.", "lengthM": 107.4}, "geometry": {"type": "LineString", "coordinates": [[100.349822, 15.2650957], [100.3500191, 15.2641439]]}}, {"type": "Feature", "properties": {"roadId": "Rd-0339", "name": "ศรีเทพ1", "nameStatus": "ok", "roadType": "ค.ส.ล.", "lengthM": 283.0}, "geometry": {"type": "LineString", "coordinates": [[100.3467776, 15.2619374], [100.3487477, 15.2626], [100.3492758, 15.2627475]]}}, {"type": "Feature", "properties": {"roadId": "Rd-0340", "name": "ศรีเทพ2", "nameStatus": "ok", "roadType": "ค.ส.ล.", "lengthM": 268.2}, "geometry": {"type": "LineString", "coordinates": [[100.3483897, 15.2624802], [100.3486634, 15.2617467], [100.3470661, 15.2612015]]}}, {"type": "Feature", "properties": {"roadId": "Rd-0341", "name": "ซ.พรมนคร1", "nameStatus": "ok", "roadType": "ค.ส.ล.", "lengthM": 112.3}, "geometry": {"type": "LineString", "coordinates": [[100.348303, 15.2616269], [100.3485622, 15.2606437]]}}, {"type": "Feature", "properties": {"roadId": "Rd-0342", "name": null, "nameStatus": "missing", "roadType": "ค.ส.ล.", "lengthM": 129.4}, "geometry": {"type": "LineString", "coordinates": [[100.3492758, 15.2627481], [100.3491822, 15.2626036], [100.349257, 15.2623696], [100.3485191, 15.2621355]]}}, {"type": "Feature", "properties": {"roadId": "Rd-0343", "name": null, "nameStatus": "missing", "roadType": "ค.ส.ล.", "lengthM": 158.4}, "geometry": {"type": "LineString", "coordinates": [[100.3491836, 15.2635014], [100.3501363, 15.263675], [100.3500408, 15.2641569]]}}, {"type": "Feature", "properties": {"roadId": "Rd-0344", "name": null, "nameStatus": "missing", "roadType": "ค.ส.ล.", "lengthM": 93.6}, "geometry": {"type": "LineString", "coordinates": [[100.3501371, 15.263675], [100.3504916, 15.2637342], [100.3503861, 15.2642206]]}}, {"type": "Feature", "properties": {"roadId": "Rd-0345", "name": null, "nameStatus": "missing", "roadType": "ค.ส.ล.", "lengthM": 112.0}, "geometry": {"type": "LineString", "coordinates": [[100.3504912, 15.2637334], [100.3510189, 15.2638453], [100.3508848, 15.2643155]]}}, {"type": "Feature", "properties": {"roadId": "Rd-0346", "name": "ถ.ชลประทานซีเมนต์", "nameStatus": "ok", "roadType": "ค.ส.ล.", "lengthM": 512.8}, "geometry": {"type": "LineString", "coordinates": [[100.362579, 15.2230167], [100.364662, 15.2249191], [100.3659437, 15.2260867], [100.3660422, 15.2262051]]}}, {"type": "Feature", "properties": {"roadId": "Rd-0347", "name": "ซ.ทวีทัพย์", "nameStatus": "ok", "roadType": "ค.ส.ล.", "lengthM": 77.6}, "geometry": {"type": "LineString", "coordinates": [[100.3645948, 15.2259041], [100.364672, 15.2257498], [100.3647485, 15.2255915], [100.3647874, 15.2255111], [100.364836, 15.2254044], [100.3648701, 15.2253456], [100.3649251, 15.2252831]]}}, {"type": "Feature", "properties": {"roadId": "Rd-0348", "name": null, "nameStatus": "missing", "roadType": null, "lengthM": 538.3}, "geometry": {"type": "LineString", "coordinates": [[100.3469795, 15.2572079], [100.346943, 15.2571202], [100.3469473, 15.2569732], [100.3469261, 15.256834], [100.3468143, 15.2567699], [100.3466177, 15.2565584], [100.3463364, 15.2559374], [100.3462213, 15.2556509], [100.3460464, 15.2551679], [100.3459671, 15.2548923], [100.3457663, 15.2544229], [100.3456107, 15.2538225], [100.345545, 15.2535015], [100.3454333, 15.2531553], [100.3453347, 15.252755], [100.3453056, 15.252703]]}}, {"type": "Feature", "properties": {"roadId": "Rd-0349", "name": null, "nameStatus": "missing", "roadType": "ค.ส.ล.", "lengthM": 15.9}, "geometry": {"type": "LineString", "coordinates": [[100.34628, 15.2431286], [100.3464188, 15.2430793]]}}, {"type": "Feature", "properties": {"roadId": "Rd-0350", "name": null, "nameStatus": "missing", "roadType": "ค.ส.ล.", "lengthM": 154.4}, "geometry": {"type": "LineString", "coordinates": [[100.3430047, 15.2422376], [100.3430225, 15.242367], [100.3430072, 15.2426448], [100.3429927, 15.2430316], [100.3429688, 15.2434631], [100.3429989, 15.2436282]]}}, {"type": "Feature", "properties": {"roadId": "Rd-0351", "name": "ซ.ตีคลี1", "nameStatus": "ok", "roadType": "ค.ส.ล.", "lengthM": 128.6}, "geometry": {"type": "LineString", "coordinates": [[100.3457634, 15.2618409], [100.3446727, 15.261361]]}}, {"type": "Feature", "properties": {"roadId": "Rd-0352", "name": "ซ.ขันธวิลา", "nameStatus": "ok", "roadType": "ค.ส.ล.", "lengthM": 41.3}, "geometry": {"type": "LineString", "coordinates": [[100.3362497, 15.2643897], [100.3363078, 15.264138], [100.3363241, 15.2641018], [100.3363389, 15.2640271]]}}, {"type": "Feature", "properties": {"roadId": "Rd-0353", "name": "ถ.หมู่บ้านขำสุวรรณ", "nameStatus": "ok", "roadType": "ค.ส.ล.", "lengthM": 279.6}, "geometry": {"type": "LineString", "coordinates": [[100.3493168, 15.2564797], [100.3500592, 15.2566799], [100.3505773, 15.2567584], [100.3518737, 15.2569321]]}}, {"type": "Feature", "properties": {"roadId": "Rd-0354", "name": null, "nameStatus": "missing", "roadType": null, "lengthM": 662.4}, "geometry": {"type": "LineString", "coordinates": [[100.3557903, 15.2296619], [100.3556196, 15.2305188], [100.3555291, 15.2311535], [100.3554626, 15.2318799], [100.3554279, 15.2327974], [100.3552542, 15.2344709], [100.3551562, 15.2356116]]}}, {"type": "Feature", "properties": {"roadId": "Rd-0355", "name": null, "nameStatus": "missing", "roadType": null, "lengthM": 252.6}, "geometry": {"type": "LineString", "coordinates": [[100.3556253, 15.2305042], [100.3565502, 15.2307287], [100.3579035, 15.2310711]]}}, {"type": "Feature", "properties": {"roadId": "Rd-0356", "name": null, "nameStatus": "missing", "roadType": null, "lengthM": 635.6}, "geometry": {"type": "LineString", "coordinates": [[100.3558657, 15.2296709], [100.3563166, 15.2285221], [100.3562683, 15.2282667], [100.3561328, 15.2276462], [100.3560935, 15.2271458], [100.3560144, 15.2271128], [100.3559297, 15.2265261], [100.3559744, 15.2259316], [100.3560385, 15.224851], [100.3560725, 15.2240862]]}}, {"type": "Feature", "properties": {"roadId": "Rd-0357", "name": "ทางหลวงเทศบาล", "nameStatus": "ok", "roadType": null, "lengthM": 39.9}, "geometry": {"type": "LineString", "coordinates": [[100.3293422, 15.266627], [100.3291789, 15.2663031]]}}, {"type": "Feature", "properties": {"roadId": "Rd-0358", "name": null, "nameStatus": "missing", "roadType": null, "lengthM": 75.2}, "geometry": {"type": "LineString", "coordinates": [[100.3341035, 15.2625901], [100.3339333, 15.2625346], [100.3339132, 15.2625229], [100.3338573, 15.2624952], [100.3338456, 15.2624618], [100.3338541, 15.2624274], [100.3338822, 15.2623567], [100.3338246, 15.2623316], [100.3336206, 15.26225]]}}, {"type": "Feature", "properties": {"roadId": "Rd-0359", "name": null, "nameStatus": "missing", "roadType": null, "lengthM": 72.6}, "geometry": {"type": "LineString", "coordinates": [[100.3337276, 15.2629484], [100.3335997, 15.2628454], [100.3334246, 15.2627769], [100.3332558, 15.2627267], [100.3331517, 15.2626291]]}}, {"type": "Feature", "properties": {"roadId": "Rd-0360", "name": null, "nameStatus": "missing", "roadType": null, "lengthM": 85.8}, "geometry": {"type": "LineString", "coordinates": [[100.3363387, 15.2640273], [100.3361411, 15.2639945], [100.3361246, 15.2639628], [100.3361366, 15.2638879], [100.336159, 15.2637783], [100.3361546, 15.2637532], [100.3360762, 15.2636672], [100.3360256, 15.2635859], [100.3360014, 15.2635537], [100.3360331, 15.2634775]]}}, {"type": "Feature", "properties": {"roadId": "Rd-0361", "name": null, "nameStatus": "missing", "roadType": "ค.ส.ล.", "lengthM": 132.3}, "geometry": {"type": "LineString", "coordinates": [[100.3393065, 15.2607199], [100.3392757, 15.2607258], [100.3390086, 15.2607048], [100.3387615, 15.2606584], [100.3385291, 15.2606203], [100.3383927, 15.260624], [100.3382887, 15.2607063], [100.3381655, 15.2608256]]}}, {"type": "Feature", "properties": {"roadId": "Rd-0362", "name": null, "nameStatus": "missing", "roadType": "ค.ส.ล.", "lengthM": 389.7}, "geometry": {"type": "LineString", "coordinates": [[100.3310068, 15.2603631], [100.331701, 15.2603877], [100.3321943, 15.2605389], [100.3324244, 15.2607726], [100.332697, 15.2609042], [100.3331133, 15.2610179], [100.3335211, 15.2610573], [100.333885, 15.2610747], [100.3342031, 15.2610454], [100.3344431, 15.2609693]]}}, {"type": "Feature", "properties": {"roadId": "Rd-0363", "name": null, "nameStatus": "missing", "roadType": null, "lengthM": 190.7}, "geometry": {"type": "LineString", "coordinates": [[100.3333734, 15.2610541], [100.3332179, 15.2612784], [100.3332474, 15.2613253], [100.3333466, 15.2613811], [100.333251, 15.2615374], [100.3334504, 15.2616768], [100.3332113, 15.2619976], [100.3334985, 15.262184], [100.3336206, 15.26225]]}}, {"type": "Feature", "properties": {"roadId": "Rd-0364", "name": null, "nameStatus": "missing", "roadType": null, "lengthM": 67.9}, "geometry": {"type": "LineString", "coordinates": [[100.3403044, 15.2626496], [100.3409252, 15.2627668]]}}, {"type": "Feature", "properties": {"roadId": "Rd-0365", "name": null, "nameStatus": "missing", "roadType": null, "lengthM": 350.2}, "geometry": {"type": "LineString", "coordinates": [[100.3405131, 15.2620074], [100.3409933, 15.2622078], [100.3409879, 15.2623274], [100.3413185, 15.2624104], [100.3414067, 15.2622625], [100.3418998, 15.2624868], [100.3419574, 15.2625331], [100.3419541, 15.2626585], [100.3418822, 15.2628068], [100.3418592, 15.2630022], [100.3418813, 15.2631039], [100.342092, 15.2631225], [100.3422443, 15.2631167], [100.3424352, 15.2630432], [100.342596, 15.262956], [100.3426816, 15.2628798]]}}, {"type": "Feature", "properties": {"roadId": "Rd-0366", "name": null, "nameStatus": "missing", "roadType": null, "lengthM": 71.1}, "geometry": {"type": "LineString", "coordinates": [[100.3412333, 15.2631548], [100.3415668, 15.2631425], [100.3418196, 15.2631278], [100.3418921, 15.2631091]]}}, {"type": "Feature", "properties": {"roadId": "Rd-0367", "name": null, "nameStatus": "missing", "roadType": null, "lengthM": 147.3}, "geometry": {"type": "LineString", "coordinates": [[100.3406462, 15.2613457], [100.341082, 15.2616485], [100.3409957, 15.2618108], [100.3412082, 15.2620034], [100.341408, 15.2621764], [100.3414067, 15.2622625]]}}, {"type": "Feature", "properties": {"roadId": "Rd-0368", "name": null, "nameStatus": "missing", "roadType": "ค.ส.ล.", "lengthM": 61.4}, "geometry": {"type": "LineString", "coordinates": [[100.3298457, 15.2604392], [100.3298148, 15.2602226], [100.3300926, 15.2600225]]}}, {"type": "Feature", "properties": {"roadId": "Rd-0369", "name": null, "nameStatus": "missing", "roadType": null, "lengthM": 241.4}, "geometry": {"type": "LineString", "coordinates": [[100.326296, 15.2600241], [100.3259436, 15.2598107], [100.325934, 15.2597781], [100.3260191, 15.259634], [100.3264159, 15.2591981], [100.326496, 15.2591023], [100.3258245, 15.2585212]]}}, {"type": "Feature", "properties": {"roadId": "Rd-0370", "name": null, "nameStatus": "missing", "roadType": null, "lengthM": 103.7}, "geometry": {"type": "LineString", "coordinates": [[100.3246196, 15.2603898], [100.3246467, 15.2601063], [100.3247267, 15.2595678], [100.3247449, 15.2594606]]}}, {"type": "Feature", "properties": {"roadId": "Rd-0371", "name": null, "nameStatus": "missing", "roadType": null, "lengthM": 39.8}, "geometry": {"type": "LineString", "coordinates": [[100.3246672, 15.2599364], [100.3250308, 15.2600074]]}}, {"type": "Feature", "properties": {"roadId": "Rd-0372", "name": null, "nameStatus": "missing", "roadType": "ค.ส.ล.", "lengthM": 76.8}, "geometry": {"type": "LineString", "coordinates": [[100.3206415, 15.2563182], [100.321354, 15.2562565]]}}, {"type": "Feature", "properties": {"roadId": "Rd-0373", "name": null, "nameStatus": "missing", "roadType": "ค.ส.ล.", "lengthM": 607.3}, "geometry": {"type": "LineString", "coordinates": [[100.320709, 15.2556], [100.321276, 15.2554056], [100.3214193, 15.2551554], [100.3261588, 15.2547476]]}}, {"type": "Feature", "properties": {"roadId": "Rd-0374", "name": null, "nameStatus": "missing", "roadType": null, "lengthM": 204.7}, "geometry": {"type": "LineString", "coordinates": [[100.3448344, 15.2670393], [100.345075, 15.2667924], [100.3451731, 15.2664157], [100.3451419, 15.2663245], [100.3453802, 15.2657093], [100.3452933, 15.2655819], [100.3453188, 15.2653676]]}}, {"type": "Feature", "properties": {"roadId": "Rd-0375", "name": null, "nameStatus": "missing", "roadType": null, "lengthM": 15.3}, "geometry": {"type": "LineString", "coordinates": [[100.3449065, 15.2671603], [100.3448358, 15.2670406]]}}, {"type": "Feature", "properties": {"roadId": "Rd-0376", "name": null, "nameStatus": "missing", "roadType": null, "lengthM": 391.2}, "geometry": {"type": "LineString", "coordinates": [[100.3453012, 15.2655635], [100.3452215, 15.2657155], [100.3446608, 15.2672389], [100.3446248, 15.2675002], [100.3441199, 15.2689005]]}}, {"type": "Feature", "properties": {"roadId": "Rd-0377", "name": null, "nameStatus": "missing", "roadType": null, "lengthM": 18.6}, "geometry": {"type": "LineString", "coordinates": [[100.3446581, 15.2679264], [100.3445046, 15.2678483]]}}, {"type": "Feature", "properties": {"roadId": "Rd-0378", "name": null, "nameStatus": "missing", "roadType": null, "lengthM": 46.6}, "geometry": {"type": "LineString", "coordinates": [[100.32217, 15.2566193], [100.3221378, 15.256199]]}}, {"type": "Feature", "properties": {"roadId": "Rd-0379", "name": null, "nameStatus": "missing", "roadType": null, "lengthM": 159.3}, "geometry": {"type": "LineString", "coordinates": [[100.3228692, 15.2561333], [100.3243424, 15.2559679]]}}, {"type": "Feature", "properties": {"roadId": "Rd-0380", "name": null, "nameStatus": "missing", "roadType": null, "lengthM": 39.7}, "geometry": {"type": "LineString", "coordinates": [[100.3346133, 15.2632935], [100.3346614, 15.263236], [100.3347266, 15.2632281], [100.3348323, 15.2632441], [100.3348899, 15.2632557], [100.3349462, 15.2632811]]}}, {"type": "Feature", "properties": {"roadId": "Rd-0381", "name": "ซ.เกศเมือง", "nameStatus": "ok", "roadType": "ค.ส.ล.", "lengthM": 143.5}, "geometry": {"type": "LineString", "coordinates": [[100.3406466, 15.2650936], [100.3408385, 15.2663773]]}}, {"type": "Feature", "properties": {"roadId": "Rd-0382", "name": null, "nameStatus": "missing", "roadType": null, "lengthM": 330.4}, "geometry": {"type": "LineString", "coordinates": [[100.3505859, 15.2613863], [100.3504718, 15.2617275], [100.3504433, 15.2620632], [100.3505403, 15.2622338], [100.3505231, 15.2630758], [100.3503064, 15.2630565], [100.3492825, 15.2627428]]}}, {"type": "Feature", "properties": {"roadId": "Rd-0383", "name": null, "nameStatus": "missing", "roadType": null, "lengthM": 87.3}, "geometry": {"type": "LineString", "coordinates": [[100.3510223, 15.263838], [100.3510747, 15.2636609], [100.3510925, 15.2634908], [100.3510708, 15.2632904], [100.3510536, 15.2631611], [100.3509852, 15.263084]]}}, {"type": "Feature", "properties": {"roadId": "Rd-0384", "name": null, "nameStatus": "missing", "roadType": null, "lengthM": 124.5}, "geometry": {"type": "LineString", "coordinates": [[100.3510793, 15.2636178], [100.3514387, 15.2636729], [100.3518294, 15.2637279], [100.3519578, 15.2637142], [100.3522259, 15.2637527]]}}, {"type": "Feature", "properties": {"roadId": "Rd-0385", "name": null, "nameStatus": "missing", "roadType": null, "lengthM": 72.4}, "geometry": {"type": "LineString", "coordinates": [[100.3504889, 15.2637251], [100.3505431, 15.263505], [100.3505488, 15.2633317], [100.3505231, 15.2630785]]}}, {"type": "Feature", "properties": {"roadId": "Rd-0386", "name": null, "nameStatus": "missing", "roadType": null, "lengthM": 243.1}, "geometry": {"type": "LineString", "coordinates": [[100.3505289, 15.2628557], [100.3516669, 15.2628282], [100.3519121, 15.2628199], [100.3521546, 15.2627951], [100.352514, 15.2626603], [100.3527592, 15.2626108]]}}, {"type": "Feature", "properties": {"roadId": "Rd-0387", "name": null, "nameStatus": "missing", "roadType": null, "lengthM": 57.6}, "geometry": {"type": "LineString", "coordinates": [[100.3499214, 15.2611772], [100.3498757, 15.2609351], [100.3499556, 15.2607645], [100.3500298, 15.2607149]]}}, {"type": "Feature", "properties": {"roadId": "Rd-0388", "name": null, "nameStatus": "missing", "roadType": null, "lengthM": 129.6}, "geometry": {"type": "LineString", "coordinates": [[100.3486664, 15.2617523], [100.3493138, 15.2619476], [100.3493966, 15.2619504], [100.3492539, 15.2623604]]}}, {"type": "Feature", "properties": {"roadId": "Rd-0389", "name": null, "nameStatus": "missing", "roadType": null, "lengthM": 80.5}, "geometry": {"type": "LineString", "coordinates": [[100.3486065, 15.2619201], [100.3493195, 15.2621457]]}}, {"type": "Feature", "properties": {"roadId": "Rd-0390", "name": null, "nameStatus": "missing", "roadType": null, "lengthM": 270.2}, "geometry": {"type": "LineString", "coordinates": [[100.3485352, 15.2620632], [100.3480874, 15.2619063], [100.3478621, 15.2618706], [100.3474371, 15.261733], [100.3473658, 15.2619036], [100.3479363, 15.2620962], [100.3480874, 15.2620687], [100.3484839, 15.2621898]]}}, {"type": "Feature", "properties": {"roadId": "Rd-0391", "name": null, "nameStatus": "missing", "roadType": null, "lengthM": 149.9}, "geometry": {"type": "LineString", "coordinates": [[100.3504576, 15.2620247], [100.3495335, 15.2617715], [100.3495734, 15.2616064], [100.3498301, 15.2616532]]}}, {"type": "Feature", "properties": {"roadId": "Rd-0392", "name": null, "nameStatus": "missing", "roadType": null, "lengthM": 52.9}, "geometry": {"type": "LineString", "coordinates": [[100.3505517, 15.2622751], [100.3510422, 15.2623219]]}}, {"type": "Feature", "properties": {"roadId": "Rd-0393", "name": null, "nameStatus": "missing", "roadType": "ค.ส.ล.", "lengthM": 132.0}, "geometry": {"type": "LineString", "coordinates": [[100.3522133, 15.263778], [100.3528186, 15.2638895], [100.3531613, 15.2639458], [100.3533719, 15.2639776], [100.353424, 15.2639825]]}}, {"type": "Feature", "properties": {"roadId": "Rd-0394", "name": null, "nameStatus": "missing", "roadType": null, "lengthM": 85.6}, "geometry": {"type": "LineString", "coordinates": [[100.3532213, 15.2635986], [100.3532612, 15.2631969], [100.3532669, 15.2629107], [100.3533011, 15.2628337]]}}, {"type": "Feature", "properties": {"roadId": "Rd-0395", "name": null, "nameStatus": "missing", "roadType": null, "lengthM": 114.5}, "geometry": {"type": "LineString", "coordinates": [[100.3546017, 15.26334], [100.3539343, 15.2631804], [100.3538259, 15.2635326]]}}, {"type": "Feature", "properties": {"roadId": "Rd-0396", "name": null, "nameStatus": "missing", "roadType": null, "lengthM": 26.9}, "geometry": {"type": "LineString", "coordinates": [[100.35394, 15.2631804], [100.3539571, 15.2629382]]}}, {"type": "Feature", "properties": {"roadId": "Rd-0397", "name": null, "nameStatus": "missing", "roadType": null, "lengthM": 85.5}, "geometry": {"type": "LineString", "coordinates": [[100.3514273, 15.264424], [100.35149, 15.2647102], [100.3519692, 15.2648313]]}}, {"type": "Feature", "properties": {"roadId": "Rd-0398", "name": null, "nameStatus": "missing", "roadType": null, "lengthM": 46.6}, "geometry": {"type": "LineString", "coordinates": [[100.349793, 15.2616477], [100.3499042, 15.2613505], [100.3499157, 15.261246]]}}, {"type": "Feature", "properties": {"roadId": "Rd-0399", "name": null, "nameStatus": "missing", "roadType": null, "lengthM": 32.4}, "geometry": {"type": "LineString", "coordinates": [[100.3510565, 15.2614991], [100.3510337, 15.2617523], [100.3510679, 15.2617715]]}}, {"type": "Feature", "properties": {"roadId": "Rd-0400", "name": null, "nameStatus": "missing", "roadType": null, "lengthM": 70.9}, "geometry": {"type": "LineString", "coordinates": [[100.350911, 15.2621898], [100.3512533, 15.2622338], [100.3512704, 15.2623439], [100.3510708, 15.2623329]]}}, {"type": "Feature", "properties": {"roadId": "Rd-0401", "name": null, "nameStatus": "missing", "roadType": null, "lengthM": 112.4}, "geometry": {"type": "LineString", "coordinates": [[100.3537192, 15.2670088], [100.3527026, 15.2667679]]}}, {"type": "Feature", "properties": {"roadId": "Rd-0402", "name": null, "nameStatus": "missing", "roadType": "ค.ส.ล.", "lengthM": 422.2}, "geometry": {"type": "LineString", "coordinates": [[100.3444018, 15.2684822], [100.346086, 15.2711946], [100.3466647, 15.2715204]]}}, {"type": "Feature", "properties": {"roadId": "Rd-0403", "name": null, "nameStatus": "missing", "roadType": "ค.ส.ล.", "lengthM": 250.3}, "geometry": {"type": "LineString", "coordinates": [[100.3438003, 15.2709119], [100.34458, 15.2687794]]}}, {"type": "Feature", "properties": {"roadId": "Rd-0404", "name": null, "nameStatus": "missing", "roadType": "ค.ส.ล.", "lengthM": 185.7}, "geometry": {"type": "LineString", "coordinates": [[100.3449688, 15.2693956], [100.3443742, 15.2709717]]}}, {"type": "Feature", "properties": {"roadId": "Rd-0405", "name": null, "nameStatus": "missing", "roadType": "ค.ส.ล.", "lengthM": 117.5}, "geometry": {"type": "LineString", "coordinates": [[100.3453359, 15.2700091], [100.3449895, 15.2710166]]}}, {"type": "Feature", "properties": {"roadId": "Rd-0406", "name": "ดอกไม้แดง2", "nameStatus": "ok", "roadType": "ค.ส.ล.", "lengthM": 106.3}, "geometry": {"type": "LineString", "coordinates": [[100.3462406, 15.2679639], [100.3462372, 15.2680579], [100.3470476, 15.2684222]]}}, {"type": "Feature", "properties": {"roadId": "Rd-0407", "name": "เจ้าเงาะ1", "nameStatus": "ok", "roadType": null, "lengthM": 120.5}, "geometry": {"type": "LineString", "coordinates": [[100.348204, 15.2670541], [100.347956, 15.2669888], [100.3476402, 15.2668691], [100.3478192, 15.2663891]]}}, {"type": "Feature", "properties": {"roadId": "Rd-0408", "name": "เจ้าเงาะ3", "nameStatus": "ok", "roadType": null, "lengthM": 234.5}, "geometry": {"type": "LineString", "coordinates": [[100.3481194, 15.2672879], [100.3475979, 15.2671601], [100.3469749, 15.2669779], [100.3468791, 15.2669262], [100.3469637, 15.2666842], [100.3468833, 15.2666543], [100.3470595, 15.2661634]]}}, {"type": "Feature", "properties": {"roadId": "Rd-0409", "name": null, "nameStatus": "missing", "roadType": null, "lengthM": 75.6}, "geometry": {"type": "LineString", "coordinates": [[100.3476416, 15.2668691], [100.3469637, 15.2666869]]}}, {"type": "Feature", "properties": {"roadId": "Rd-0410", "name": "บ่อทอง5", "nameStatus": "ok", "roadType": null, "lengthM": 66.9}, "geometry": {"type": "LineString", "coordinates": [[100.3501417, 15.2690884], [100.3503208, 15.268509]]}}, {"type": "Feature", "properties": {"roadId": "Rd-0411", "name": "บ่อทอง1", "nameStatus": "ok", "roadType": null, "lengthM": 69.8}, "geometry": {"type": "LineString", "coordinates": [[100.3508353, 15.2693078], [100.3508802, 15.2690778], [100.350917, 15.2689112], [100.3509825, 15.2686936]]}}, {"type": "Feature", "properties": {"roadId": "Rd-0412", "name": "บ่อทอง3", "nameStatus": "ok", "roadType": null, "lengthM": 70.8}, "geometry": {"type": "LineString", "coordinates": [[100.3506227, 15.2692398], [100.3506677, 15.2690722], [100.3506758, 15.2689608], [100.3507009, 15.2688573], [100.3507167, 15.2687286], [100.3507484, 15.2686132]]}}, {"type": "Feature", "properties": {"roadId": "Rd-0413", "name": null, "nameStatus": "missing", "roadType": null, "lengthM": 34.9}, "geometry": {"type": "LineString", "coordinates": [[100.3471983, 15.2567255], [100.3471552, 15.2567235], [100.3471071, 15.256729], [100.3470074, 15.2567324], [100.346972, 15.2567788], [100.3469246, 15.256834]]}}, {"type": "Feature", "properties": {"roadId": "Rd-0414", "name": null, "nameStatus": "missing", "roadType": null, "lengthM": 183.1}, "geometry": {"type": "LineString", "coordinates": [[100.3459713, 15.2574644], [100.3459119, 15.2573307], [100.3458667, 15.257197], [100.3458497, 15.2569923], [100.3458271, 15.2568122], [100.3458695, 15.2567221], [100.3458978, 15.2566566], [100.3459148, 15.2565529], [100.3459289, 15.2564629], [100.3459714, 15.256411], [100.3461383, 15.2562268], [100.3462231, 15.2561831], [100.3463575, 15.2561722], [100.3464395, 15.256175]]}}, {"type": "Feature", "properties": {"roadId": "Rd-0415", "name": null, "nameStatus": "missing", "roadType": null, "lengthM": 41.5}, "geometry": {"type": "LineString", "coordinates": [[100.3473843, 15.2573116], [100.3473702, 15.2573976], [100.347315, 15.2575313], [100.3473942, 15.2575654], [100.347455, 15.2575572]]}}, {"type": "Feature", "properties": {"roadId": "Rd-0416", "name": null, "nameStatus": "missing", "roadType": null, "lengthM": 160.0}, "geometry": {"type": "LineString", "coordinates": [[100.34568, 15.2540831], [100.3455301, 15.2540831], [100.3453491, 15.2540258], [100.3451737, 15.2540039], [100.3450662, 15.2539876], [100.3449926, 15.2539384], [100.3449276, 15.2538184], [100.3448965, 15.253742], [100.3447635, 15.2536492], [100.3446984, 15.2535809], [100.3446051, 15.2533135]]}}, {"type": "Feature", "properties": {"roadId": "Rd-0417", "name": null, "nameStatus": "missing", "roadType": null, "lengthM": 77.8}, "geometry": {"type": "LineString", "coordinates": [[100.3456121, 15.2538457], [100.3454594, 15.2538457], [100.3452953, 15.2538129], [100.3451001, 15.2537583], [100.3450011, 15.2537338], [100.3449021, 15.2537392]]}}, {"type": "Feature", "properties": {"roadId": "Rd-0418", "name": null, "nameStatus": "missing", "roadType": null, "lengthM": 88.5}, "geometry": {"type": "LineString", "coordinates": [[100.3460364, 15.2551188], [100.3459813, 15.2550942], [100.3459487, 15.2551038], [100.3459162, 15.2551092], [100.3458639, 15.2551011], [100.3457366, 15.2550396], [100.3456461, 15.2550096], [100.3455343, 15.255011], [100.3454933, 15.2550383], [100.3454565, 15.2550656], [100.345383, 15.2550819], [100.3453094, 15.2550942], [100.3452953, 15.2551133], [100.3452769, 15.255127]]}}, {"type": "Feature", "properties": {"roadId": "Rd-0419", "name": null, "nameStatus": "missing", "roadType": null, "lengthM": 112.0}, "geometry": {"type": "LineString", "coordinates": [[100.3449303, 15.2604432], [100.3449756, 15.2602876], [100.3450803, 15.2600802], [100.345233, 15.2598974], [100.3453745, 15.2596845], [100.3454537, 15.2595781]]}}, {"type": "Feature", "properties": {"roadId": "Rd-0420", "name": null, "nameStatus": "missing", "roadType": "ค.ส.ล.", "lengthM": 87.0}, "geometry": {"type": "LineString", "coordinates": [[100.3466142, 15.2585595], [100.3473827, 15.2588088]]}}, {"type": "Feature", "properties": {"roadId": "Rd-0421", "name": null, "nameStatus": "missing", "roadType": "ค.ส.ล.", "lengthM": 119.9}, "geometry": {"type": "LineString", "coordinates": [[100.3478396, 15.256676], [100.347848, 15.256717], [100.3479075, 15.256777], [100.3479852, 15.2567934], [100.3480772, 15.2567906], [100.348155, 15.2567292], [100.3481833, 15.2566283], [100.348155, 15.2565314], [100.3480758, 15.2564713], [100.347981, 15.2564495], [100.3478876, 15.2564986], [100.3478254, 15.2566023], [100.3478367, 15.256676]]}}, {"type": "Feature", "properties": {"roadId": "Rd-0422", "name": null, "nameStatus": "missing", "roadType": "ค.ส.ล.", "lengthM": 118.4}, "geometry": {"type": "LineString", "coordinates": [[100.3480064, 15.2564632], [100.3482101, 15.2559228], [100.3483176, 15.255699], [100.3484364, 15.2556936], [100.3485609, 15.2557481]]}}, {"type": "Feature", "properties": {"roadId": "Rd-0423", "name": null, "nameStatus": "missing", "roadType": null, "lengthM": 27.7}, "geometry": {"type": "LineString", "coordinates": [[100.3478494, 15.2566978], [100.3476076, 15.2566119]]}}, {"type": "Feature", "properties": {"roadId": "Rd-0424", "name": null, "nameStatus": "missing", "roadType": "ค.ส.ล.", "lengthM": 26.9}, "geometry": {"type": "LineString", "coordinates": [[100.3478183, 15.2576598], [100.3475821, 15.257578]]}}, {"type": "Feature", "properties": {"roadId": "Rd-0425", "name": null, "nameStatus": "missing", "roadType": "ค.ส.ล.", "lengthM": 101.4}, "geometry": {"type": "LineString", "coordinates": [[100.347353, 15.2581538], [100.3470588, 15.2580555], [100.346844, 15.2586336]]}}, {"type": "Feature", "properties": {"roadId": "Rd-0426", "name": null, "nameStatus": "missing", "roadType": "ค.ส.ล.", "lengthM": 92.5}, "geometry": {"type": "LineString", "coordinates": [[100.3470588, 15.2580555], [100.3473021, 15.2575316], [100.3475538, 15.2576244]]}}, {"type": "Feature", "properties": {"roadId": "Rd-0427", "name": null, "nameStatus": "missing", "roadType": "ค.ส.ล.", "lengthM": 34.3}, "geometry": {"type": "LineString", "coordinates": [[100.3469796, 15.2575616], [100.3472031, 15.2576175], [100.3472809, 15.2575766]]}}, {"type": "Feature", "properties": {"roadId": "Rd-0428", "name": "ซ.เทพไทย", "nameStatus": "ok", "roadType": null, "lengthM": 40.2}, "geometry": {"type": "LineString", "coordinates": [[100.3485355, 15.2535475], [100.3484266, 15.2536061], [100.3483374, 15.2536089], [100.3482483, 15.2535857], [100.3481804, 15.2535939]]}}, {"type": "Feature", "properties": {"roadId": "Rd-0429", "name": null, "nameStatus": "missing", "roadType": null, "lengthM": 47.8}, "geometry": {"type": "LineString", "coordinates": [[100.3487999, 15.2537508], [100.3491776, 15.2537849], [100.3492426, 15.2537917]]}}, {"type": "Feature", "properties": {"roadId": "Rd-0430", "name": null, "nameStatus": "missing", "roadType": null, "lengthM": 74.9}, "geometry": {"type": "LineString", "coordinates": [[100.3487518, 15.2551126], [100.3486161, 15.2550744], [100.3485567, 15.2550935], [100.3483898, 15.2555438]]}}, {"type": "Feature", "properties": {"roadId": "Rd-0431", "name": "ซ.เรืองยศ2", "nameStatus": "ok", "roadType": null, "lengthM": 174.5}, "geometry": {"type": "LineString", "coordinates": [[100.3416976, 15.2647172], [100.3416163, 15.2642553], [100.3415582, 15.2639255], [100.3415944, 15.2637783], [100.3417039, 15.2637209], [100.3422156, 15.2636455]]}}, {"type": "Feature", "properties": {"roadId": "Rd-0432", "name": "ซ.เรืองยศ1", "nameStatus": "ok", "roadType": null, "lengthM": 169.0}, "geometry": {"type": "LineString", "coordinates": [[100.3423986, 15.2646266], [100.3422327, 15.2636711], [100.3421295, 15.2631217]]}}, {"type": "Feature", "properties": {"roadId": "Rd-0433", "name": null, "nameStatus": "missing", "roadType": null, "lengthM": 100.6}, "geometry": {"type": "LineString", "coordinates": [[100.3423072, 15.2630728], [100.3423049, 15.2628917], [100.3423425, 15.262749], [100.3422016, 15.2626698], [100.3422674, 15.2625385], [100.3422979, 15.2624366], [100.3423166, 15.2622668]]}}, {"type": "Feature", "properties": {"roadId": "Rd-0434", "name": null, "nameStatus": "missing", "roadType": null, "lengthM": 54.5}, "geometry": {"type": "LineString", "coordinates": [[100.3427954, 15.2623822], [100.3426006, 15.2628373]]}}, {"type": "Feature", "properties": {"roadId": "Rd-0435", "name": null, "nameStatus": "missing", "roadType": null, "lengthM": 33.4}, "geometry": {"type": "LineString", "coordinates": [[100.3419153, 15.2624773], [100.3420467, 15.2622034]]}}, {"type": "Feature", "properties": {"roadId": "Rd-0436", "name": null, "nameStatus": "missing", "roadType": null, "lengthM": 59.3}, "geometry": {"type": "LineString", "coordinates": [[100.343239, 15.2631951], [100.3435065, 15.2627264]]}}, {"type": "Feature", "properties": {"roadId": "Rd-0437", "name": null, "nameStatus": "missing", "roadType": "ค.ส.ล.", "lengthM": 182.8}, "geometry": {"type": "LineString", "coordinates": [[100.3435705, 15.2645455], [100.3452697, 15.2644504]]}}, {"type": "Feature", "properties": {"roadId": "Rd-0438", "name": null, "nameStatus": "missing", "roadType": null, "lengthM": 251.5}, "geometry": {"type": "LineString", "coordinates": [[100.345745, 15.2632306], [100.3450831, 15.2629136], [100.3454539, 15.262094], [100.3460876, 15.2623385]]}}, {"type": "Feature", "properties": {"roadId": "Rd-0439", "name": null, "nameStatus": "missing", "roadType": null, "lengthM": 101.3}, "geometry": {"type": "LineString", "coordinates": [[100.3454774, 15.2621076], [100.3452615, 15.2621393], [100.3451582, 15.2621529], [100.3447686, 15.2619898], [100.3446748, 15.2621574]]}}, {"type": "Feature", "properties": {"roadId": "Rd-0440", "name": "ถ.ตาคลีพัฒนา", "nameStatus": "ok", "roadType": "ค.ส.ล.", "lengthM": 531.8}, "geometry": {"type": "LineString", "coordinates": [[100.3481966, 15.2566287], [100.349965, 15.2521387]]}}, {"type": "Feature", "properties": {"roadId": "Rd-0441", "name": null, "nameStatus": "missing", "roadType": "ค.ส.ล.", "lengthM": 197.9}, "geometry": {"type": "LineString", "coordinates": [[100.3232044, 15.2633384], [100.3232678, 15.2634827], [100.3221483, 15.2640329], [100.3222997, 15.2644201]]}}, {"type": "Feature", "properties": {"roadId": "Rd-0442", "name": null, "nameStatus": "missing", "roadType": "ค.ส.ล.", "lengthM": 155.4}, "geometry": {"type": "LineString", "coordinates": [[100.3229017, 15.2636746], [100.3232889, 15.264488], [100.3228242, 15.2647224]]}}, {"type": "Feature", "properties": {"roadId": "Rd-0443", "name": null, "nameStatus": "missing", "roadType": null, "lengthM": 89.3}, "geometry": {"type": "LineString", "coordinates": [[100.3219512, 15.263571], [100.322782, 15.263605]]}}, {"type": "Feature", "properties": {"roadId": "Rd-0444", "name": null, "nameStatus": "missing", "roadType": null, "lengthM": 43.3}, "geometry": {"type": "LineString", "coordinates": [[100.3219582, 15.2635778], [100.3221166, 15.2639378]]}}, {"type": "Feature", "properties": {"roadId": "Rd-0445", "name": null, "nameStatus": "missing", "roadType": null, "lengthM": 51.1}, "geometry": {"type": "LineString", "coordinates": [[100.3279904, 15.2668841], [100.3284252, 15.2666973]]}}, {"type": "Feature", "properties": {"roadId": "Rd-0446", "name": null, "nameStatus": "missing", "roadType": "ค.ส.ล.", "lengthM": 523.1}, "geometry": {"type": "LineString", "coordinates": [[100.3270487, 15.263926], [100.3266263, 15.264252], [100.3265558, 15.2644558], [100.3282738, 15.2674988], [100.327795, 15.2677297]]}}, {"type": "Feature", "properties": {"roadId": "Rd-0447", "name": null, "nameStatus": "missing", "roadType": "ค.ส.ล.", "lengthM": 242.0}, "geometry": {"type": "LineString", "coordinates": [[100.323398, 15.2658856], [100.3224334, 15.263909]]}}, {"type": "Feature", "properties": {"roadId": "Rd-0448", "name": null, "nameStatus": "missing", "roadType": null, "lengthM": 80.6}, "geometry": {"type": "LineString", "coordinates": [[100.3443094, 15.2666501], [100.3437179, 15.2662018]]}}, {"type": "Feature", "properties": {"roadId": "Rd-0449", "name": null, "nameStatus": "missing", "roadType": null, "lengthM": 76.9}, "geometry": {"type": "LineString", "coordinates": [[100.3437259, 15.264913], [100.3435965, 15.2652518], [100.3434143, 15.2655345]]}}, {"type": "Feature", "properties": {"roadId": "Rd-0450", "name": null, "nameStatus": "missing", "roadType": null, "lengthM": 115.2}, "geometry": {"type": "LineString", "coordinates": [[100.3439855, 15.2649981], [100.343842, 15.2652874], [100.3438288, 15.2653842], [100.3437153, 15.2655752], [100.3437602, 15.2656466], [100.3435529, 15.2658936]]}}, {"type": "Feature", "properties": {"roadId": "Rd-0451", "name": null, "nameStatus": "missing", "roadType": null, "lengthM": 45.1}, "geometry": {"type": "LineString", "coordinates": [[100.3439661, 15.2654161], [100.344176, 15.2650633]]}}, {"type": "Feature", "properties": {"roadId": "Rd-0452", "name": null, "nameStatus": "missing", "roadType": "ค.ส.ล.", "lengthM": 83.9}, "geometry": {"type": "LineString", "coordinates": [[100.345281, 15.2661522], [100.3460328, 15.2663575]]}}, {"type": "Feature", "properties": {"roadId": "Rd-0453", "name": null, "nameStatus": "missing", "roadType": "ค.ส.ล.", "lengthM": 97.4}, "geometry": {"type": "LineString", "coordinates": [[100.3427805, 15.2683239], [100.3424741, 15.2691521]]}}, {"type": "Feature", "properties": {"roadId": "Rd-0454", "name": null, "nameStatus": "missing", "roadType": "ค.ส.ล.", "lengthM": 97.6}, "geometry": {"type": "LineString", "coordinates": [[100.3431843, 15.2684578], [100.3428706, 15.269286]]}}, {"type": "Feature", "properties": {"roadId": "Rd-0455", "name": null, "nameStatus": "missing", "roadType": "ค.ส.ล.", "lengthM": 95.4}, "geometry": {"type": "LineString", "coordinates": [[100.3416119, 15.2688595], [100.3416485, 15.2679979]]}}, {"type": "Feature", "properties": {"roadId": "Rd-0456", "name": null, "nameStatus": "missing", "roadType": "ค.ส.ล.", "lengthM": 103.4}, "geometry": {"type": "LineString", "coordinates": [[100.3421649, 15.2690537], [100.3422028, 15.2681194]]}}, {"type": "Feature", "properties": {"roadId": "Rd-0457", "name": null, "nameStatus": "missing", "roadType": null, "lengthM": 157.3}, "geometry": {"type": "LineString", "coordinates": [[100.3411019, 15.2662018], [100.341449, 15.2667106], [100.3414548, 15.2669363], [100.3409241, 15.2672147]]}}, {"type": "Feature", "properties": {"roadId": "Rd-0458", "name": null, "nameStatus": "missing", "roadType": null, "lengthM": 95.3}, "geometry": {"type": "LineString", "coordinates": [[100.3414537, 15.2667641], [100.3416599, 15.266656], [100.3416599, 15.266656], [100.3421515, 15.2665784], [100.3422687, 15.2666771]]}}, {"type": "Feature", "properties": {"roadId": "Rd-0459", "name": null, "nameStatus": "missing", "roadType": null, "lengthM": 629.2}, "geometry": {"type": "LineString", "coordinates": [[100.3476618, 15.2645617], [100.3473904, 15.2652808], [100.3475798, 15.2653546], [100.3477115, 15.2648883], [100.3479267, 15.2649532], [100.3476993, 15.26551], [100.3475048, 15.2654507], [100.3474216, 15.2657956], [100.3476685, 15.2658674], [100.3478434, 15.2654806], [100.348093, 15.2654854], [100.3481255, 15.265431], [100.3479501, 15.2653174], [100.3479699, 15.2652375], [100.3481803, 15.2652553], [100.3482271, 15.2651059], [100.3480238, 15.2650345], [100.3480468, 15.2649309], [100.348254, 15.2649711], [100.3482829, 15.2648657], [100.3476838, 15.2646684]]}}, {"type": "Feature", "properties": {"roadId": "Rd-0460", "name": null, "nameStatus": "missing", "roadType": null, "lengthM": 141.6}, "geometry": {"type": "LineString", "coordinates": [[100.3634248, 15.2434425], [100.3631719, 15.2434341], [100.3623628, 15.2433956], [100.362108, 15.2433839]]}}, {"type": "Feature", "properties": {"roadId": "Rd-0461", "name": null, "nameStatus": "missing", "roadType": null, "lengthM": 118.4}, "geometry": {"type": "LineString", "coordinates": [[100.3629872, 15.2434295], [100.3630175, 15.2444992]]}}, {"type": "Feature", "properties": {"roadId": "Rd-0462", "name": null, "nameStatus": "missing", "roadType": "ค.ส.ล.", "lengthM": 585.6}, "geometry": {"type": "LineString", "coordinates": [[100.3660727, 15.2261936], [100.3665821, 15.2255901], [100.3669242, 15.2252652], [100.3670303, 15.2252136], [100.3671701, 15.2251844], [100.3673247, 15.2251849], [100.3681875, 15.2253411], [100.3684852, 15.2253817], [100.3687535, 15.2253688], [100.3690563, 15.2253046], [100.36926, 15.2252241], [100.3695608, 15.224966], [100.3698798, 15.2246586], [100.3701999, 15.2244425], [100.3703396, 15.224402], [100.3707136, 15.2245073]]}}, {"type": "Feature", "properties": {"roadId": "Rd-0463", "name": null, "nameStatus": "missing", "roadType": "ค.ส.ล.", "lengthM": 307.3}, "geometry": {"type": "LineString", "coordinates": [[100.3630876, 15.2233039], [100.3650547, 15.221287]]}}, {"type": "Feature", "properties": {"roadId": "Rd-0464", "name": null, "nameStatus": "missing", "roadType": "ค.ส.ล.", "lengthM": 129.3}, "geometry": {"type": "LineString", "coordinates": [[100.3633822, 15.2236088], [100.3641968, 15.222749]]}}, {"type": "Feature", "properties": {"roadId": "Rd-0465", "name": null, "nameStatus": "missing", "roadType": null, "lengthM": 451.6}, "geometry": {"type": "LineString", "coordinates": [[100.3672929, 15.2245147], [100.3672518, 15.2240697], [100.3671336, 15.2238155], [100.3666642, 15.2233993], [100.3658474, 15.2226004], [100.3656922, 15.2223617], [100.3656694, 15.2222103], [100.3656293, 15.2221044], [100.3656465, 15.221831], [100.3654797, 15.2216778], [100.3650463, 15.2212959]]}}, {"type": "Feature", "properties": {"roadId": "Rd-0466", "name": null, "nameStatus": "missing", "roadType": null, "lengthM": 645.7}, "geometry": {"type": "LineString", "coordinates": [[100.3650619, 15.2212795], [100.3658086, 15.2204349], [100.3691776, 15.2170276]]}}, {"type": "Feature", "properties": {"roadId": "Rd-0467", "name": null, "nameStatus": "missing", "roadType": null, "lengthM": 958.7}, "geometry": {"type": "LineString", "coordinates": [[100.3699309, 15.2246093], [100.3701493, 15.2242106], [100.3706255, 15.223149], [100.3697692, 15.2217108], [100.3687831, 15.2204058], [100.3687702, 15.2203603], [100.3687864, 15.2203054], [100.3688734, 15.2202275], [100.3698771, 15.2194863], [100.3699368, 15.2194239], [100.3699589, 15.219353], [100.3699273, 15.2192743], [100.3698131, 15.21914], [100.3685614, 15.2176601]]}}, {"type": "Feature", "properties": {"roadId": "Rd-0468", "name": null, "nameStatus": "missing", "roadType": null, "lengthM": 2730.1}, "geometry": {"type": "LineString", "coordinates": [[100.3628285, 15.2233409], [100.3624227, 15.2237285], [100.3620059, 15.2242181], [100.3610686, 15.2254074], [100.3608207, 15.225862], [100.3605704, 15.2263987], [100.3603458, 15.2268418], [100.3601238, 15.2272538], [100.3594173, 15.2289514], [100.3589175, 15.2301551], [100.3586922, 15.2304906], [100.3586406, 15.2306269], [100.358647, 15.2307231], [100.3586946, 15.2308587], [100.3586259, 15.2310687], [100.3580469, 15.2326523], [100.356551, 15.2365706], [100.3542345, 15.2426063], [100.3529662, 15.2458761]]}}, {"type": "Feature", "properties": {"roadId": "Rd-0469", "name": null, "nameStatus": "missing", "roadType": null, "lengthM": 223.9}, "geometry": {"type": "LineString", "coordinates": [[100.3620117, 15.2242209], [100.3620825, 15.2243337], [100.3622169, 15.2243839], [100.3633706, 15.2246487], [100.3639695, 15.224798]]}}, {"type": "Feature", "properties": {"roadId": "Rd-0470", "name": null, "nameStatus": "missing", "roadType": null, "lengthM": 71.6}, "geometry": {"type": "LineString", "coordinates": [[100.3624286, 15.2237369], [100.3624875, 15.2238215], [100.3625988, 15.2239002], [100.3629992, 15.2240337]]}}, {"type": "Feature", "properties": {"roadId": "Rd-0471", "name": null, "nameStatus": "missing", "roadType": "ค.ส.ล.", "lengthM": 42.8}, "geometry": {"type": "LineString", "coordinates": [[100.3634733, 15.2229264], [100.3636933, 15.2231289], [100.3637637, 15.2231908]]}}, {"type": "Feature", "properties": {"roadId": "Rd-0472", "name": null, "nameStatus": "missing", "roadType": null, "lengthM": 299.4}, "geometry": {"type": "LineString", "coordinates": [[100.3586649, 15.2307881], [100.3589307, 15.2308517], [100.3592609, 15.2309431], [100.3602603, 15.2312457], [100.3607337, 15.2313929], [100.360691, 15.2319992]]}}, {"type": "Feature", "properties": {"roadId": "Rd-0473", "name": null, "nameStatus": "missing", "roadType": null, "lengthM": 559.9}, "geometry": {"type": "LineString", "coordinates": [[100.3616087, 15.2359383], [100.3614484, 15.2355003], [100.3612584, 15.2349776], [100.3610837, 15.2345709], [100.3605828, 15.2333308], [100.3605355, 15.2332178], [100.360458, 15.2325047], [100.360441, 15.2321395], [100.3604492, 15.2320516], [100.360484, 15.2320146], [100.3605306, 15.2320058], [100.3606385, 15.232008], [100.3612695, 15.2321628], [100.3614069, 15.2322157]]}}, {"type": "Feature", "properties": {"roadId": "Rd-0474", "name": null, "nameStatus": "missing", "roadType": null, "lengthM": 175.6}, "geometry": {"type": "LineString", "coordinates": [[100.3583929, 15.2379371], [100.3583512, 15.2378071], [100.3583386, 15.2376599], [100.3583377, 15.237524], [100.3583603, 15.2374106], [100.3584353, 15.2372742], [100.3585738, 15.2370355], [100.3587168, 15.2365986], [100.3587332, 15.2364342]]}}, {"type": "Feature", "properties": {"roadId": "Rd-0475", "name": null, "nameStatus": "missing", "roadType": null, "lengthM": 136.1}, "geometry": {"type": "LineString", "coordinates": [[100.3586511, 15.2363668], [100.3586206, 15.2361574], [100.3585431, 15.235886], [100.358513, 15.2357503], [100.3585239, 15.2356313], [100.3586219, 15.2354438], [100.3586908, 15.2352735], [100.3587019, 15.2351884]]}}, {"type": "Feature", "properties": {"roadId": "Rd-0476", "name": null, "nameStatus": "missing", "roadType": null, "lengthM": 366.3}, "geometry": {"type": "LineString", "coordinates": [[100.3614008, 15.2394311], [100.3602973, 15.2392792], [100.3592173, 15.2391441], [100.3588903, 15.2391008], [100.3588722, 15.238999], [100.358894, 15.2387553], [100.3589856, 15.2384886], [100.3589908, 15.2383866], [100.3589725, 15.2382678]]}}, {"type": "Feature", "properties": {"roadId": "Rd-0477", "name": null, "nameStatus": "missing", "roadType": null, "lengthM": 196.2}, "geometry": {"type": "LineString", "coordinates": [[100.363265, 15.2367919], [100.3632161, 15.2368856], [100.3626853, 15.2368917], [100.3614982, 15.2368876]]}}, {"type": "Feature", "properties": {"roadId": "Rd-0478", "name": null, "nameStatus": "missing", "roadType": null, "lengthM": 33.9}, "geometry": {"type": "LineString", "coordinates": [[100.3631363, 15.2371863], [100.3631501, 15.2370588], [100.3631787, 15.2369708], [100.3632132, 15.2368913]]}}, {"type": "Feature", "properties": {"roadId": "Rd-0479", "name": null, "nameStatus": "missing", "roadType": null, "lengthM": 42.8}, "geometry": {"type": "LineString", "coordinates": [[100.3635547, 15.2369289], [100.3634925, 15.2372464], [100.3634784, 15.2373088]]}}, {"type": "Feature", "properties": {"roadId": "Rd-0480", "name": null, "nameStatus": "missing", "roadType": null, "lengthM": 196.0}, "geometry": {"type": "LineString", "coordinates": [[100.3621508, 15.235867], [100.3623021, 15.2358208], [100.362433, 15.2357662], [100.3625669, 15.2357144], [100.3627674, 15.2356056], [100.3628602, 15.2355201], [100.3629588, 15.2354373], [100.3630606, 15.2353971], [100.3631713, 15.2353709], [100.3633112, 15.2353616], [100.3633812, 15.2353527], [100.3634656, 15.2353267], [100.3635296, 15.2352951], [100.3636167, 15.2352323], [100.3637124, 15.2351553], [100.3637706, 15.2351294]]}}, {"type": "Feature", "properties": {"roadId": "Rd-0481", "name": null, "nameStatus": "missing", "roadType": null, "lengthM": 474.0}, "geometry": {"type": "LineString", "coordinates": [[100.3647897, 15.2353215], [100.3649886, 15.2354165], [100.3651348, 15.2354609], [100.3653569, 15.2355332], [100.3655435, 15.2355208], [100.3658057, 15.2354739], [100.3660041, 15.2354953], [100.3660684, 15.2355119], [100.3662145, 15.2355507], [100.3667342, 15.2356438], [100.3668747, 15.2357166], [100.3669978, 15.2358121], [100.3670563, 15.23584], [100.3671496, 15.2358281], [100.3672077, 15.2357938], [100.3673126, 15.2357762], [100.3674819, 15.2358091], [100.3676745, 15.2358136], [100.3678376, 15.23579], [100.3682745, 15.235691], [100.3685252, 15.2356782], [100.3687347, 15.2355976], [100.3688508, 15.2355063], [100.368961, 15.2354093]]}}, {"type": "Feature", "properties": {"roadId": "Rd-0482", "name": null, "nameStatus": "missing", "roadType": null, "lengthM": 286.2}, "geometry": {"type": "LineString", "coordinates": [[100.3687811, 15.235552], [100.3689736, 15.2355509], [100.3693294, 15.2355544], [100.3694987, 15.2355703], [100.3695978, 15.235564], [100.3696908, 15.2355182], [100.3698415, 15.23537], [100.3700035, 15.2351595], [100.3701245, 15.2349209], [100.3702798, 15.2345858], [100.3704181, 15.2343301], [100.3706091, 15.2340967]]}}, {"type": "Feature", "properties": {"roadId": "Rd-0483", "name": null, "nameStatus": "missing", "roadType": null, "lengthM": 697.7}, "geometry": {"type": "LineString", "coordinates": [[100.3702591, 15.2336458], [100.3700725, 15.2336582], [100.3699326, 15.2336591], [100.3698655, 15.233668], [100.36972, 15.2337057], [100.3696096, 15.2337743], [100.3695137, 15.23384], [100.3694587, 15.2338913], [100.369395, 15.2339653], [100.369337, 15.2340223], [100.3692791, 15.2340822], [100.3692298, 15.2341278], [100.3691513, 15.2341707], [100.3690727, 15.2341882], [100.3689765, 15.2341916], [100.368848, 15.2341697], [100.3687603, 15.2341448], [100.3686783, 15.2340858], [100.3686459, 15.234035], [100.3686133, 15.2339673], [100.3685661, 15.2338826], [100.3684985, 15.2337952], [100.3683927, 15.2336741], [100.3683193, 15.2336009], [100.3682224, 15.2335024], [100.3680612, 15.2333731], [100.3679146, 15.2332608], [100.3678211, 15.233233], [100.3675994, 15.2332202], [100.3675063, 15.2332519], [100.3674338, 15.2333147], [100.3673122, 15.233457], [100.3672252, 15.233534], [100.3671878, 15.2336192], [100.3671417, 15.2337072], [100.3670812, 15.233818], [100.3670233, 15.233892], [100.3669365, 15.2339888], [100.366893, 15.2340316], [100.3667796, 15.2340917], [100.366672, 15.2341377], [100.366608, 15.2341579], [100.3665177, 15.2341811], [100.3661943, 15.2342312], [100.3660137, 15.2342634], [100.3658711, 15.2343124], [100.3656218, 15.2343954], [100.3653006, 15.2345326], [100.3651067, 15.2346183], [100.3649362, 15.2347321]]}}, {"type": "Feature", "properties": {"roadId": "Rd-0484", "name": "ซ.สนามคลี", "nameStatus": "ok", "roadType": "ค.ส.ล.", "lengthM": 418.1}, "geometry": {"type": "LineString", "coordinates": [[100.341463, 15.2444824], [100.3417249, 15.2445704], [100.3419606, 15.2445491], [100.3426464, 15.2444056], [100.3432862, 15.2442824], [100.3438747, 15.2441346], [100.3445239, 15.243872], [100.3451729, 15.2435844]]}}, {"type": "Feature", "properties": {"roadId": "Rd-0485", "name": null, "nameStatus": "missing", "roadType": null, "lengthM": 168.1}, "geometry": {"type": "LineString", "coordinates": [[100.3494468, 15.2591658], [100.3491717, 15.2590791], [100.3489656, 15.2590318], [100.3488519, 15.2591838], [100.3486319, 15.2591841], [100.3480145, 15.2589857]]}}, {"type": "Feature", "properties": {"roadId": "Rd-0486", "name": null, "nameStatus": "missing", "roadType": "ค.ส.ล.", "lengthM": 117.8}, "geometry": {"type": "LineString", "coordinates": [[100.3489421, 15.2562708], [100.3493251, 15.2564083], [100.349376, 15.2560798], [100.3490576, 15.2559476]]}}, {"type": "Feature", "properties": {"roadId": "Rd-0487", "name": null, "nameStatus": "missing", "roadType": "ค.ส.ล.", "lengthM": 168.7}, "geometry": {"type": "LineString", "coordinates": [[100.3493281, 15.2564112], [100.3487993, 15.257847]]}}, {"type": "Feature", "properties": {"roadId": "Rd-0488", "name": null, "nameStatus": "missing", "roadType": "ค.ส.ล.", "lengthM": 165.9}, "geometry": {"type": "LineString", "coordinates": [[100.3529881, 15.2582613], [100.3529189, 15.2577511], [100.3531286, 15.2567878]]}}, {"type": "Feature", "properties": {"roadId": "Rd-0489", "name": null, "nameStatus": "missing", "roadType": "ค.ส.ล.", "lengthM": 169.7}, "geometry": {"type": "LineString", "coordinates": [[100.3529189, 15.2577511], [100.3526542, 15.2576693], [100.3523571, 15.2574946], [100.3520539, 15.257211], [100.3518801, 15.2569238], [100.3518174, 15.2567484]]}}, {"type": "Feature", "properties": {"roadId": "Rd-0490", "name": null, "nameStatus": "missing", "roadType": "ค.ส.ล.", "lengthM": 152.4}, "geometry": {"type": "LineString", "coordinates": [[100.3600938, 15.2554424], [100.3599445, 15.2540725]]}}, {"type": "Feature", "properties": {"roadId": "Rd-0491", "name": null, "nameStatus": "missing", "roadType": "ค.ส.ล.", "lengthM": 35.4}, "geometry": {"type": "LineString", "coordinates": [[100.3569654, 15.2530439], [100.3572753, 15.2531537]]}}, {"type": "Feature", "properties": {"roadId": "Rd-0492", "name": null, "nameStatus": "missing", "roadType": null, "lengthM": 251.3}, "geometry": {"type": "LineString", "coordinates": [[100.3633463, 15.253698], [100.3634146, 15.2533608], [100.3635361, 15.253049], [100.3635876, 15.2523694], [100.3635839, 15.2514563]]}}, {"type": "Feature", "properties": {"roadId": "Rd-0493", "name": "ซ.ทวีชัย9", "nameStatus": "ok", "roadType": "ค.ส.ล.", "lengthM": 884.7}, "geometry": {"type": "LineString", "coordinates": [[100.3616177, 15.247625], [100.3616887, 15.2476282], [100.3627727, 15.2473011], [100.3637662, 15.246712], [100.3641977, 15.2466349], [100.3648261, 15.2464003], [100.3649168, 15.2463821], [100.3654917, 15.246312], [100.3658549, 15.2462823], [100.3665905, 15.2460863], [100.3670799, 15.2459167], [100.3693536, 15.2450689]]}}, {"type": "Feature", "properties": {"roadId": "Rd-0494", "name": null, "nameStatus": "missing", "roadType": null, "lengthM": 116.1}, "geometry": {"type": "LineString", "coordinates": [[100.3616104, 15.2476414], [100.3614372, 15.2476949], [100.3613359, 15.2476762], [100.3612631, 15.2476018], [100.3608269, 15.2470828]]}}, {"type": "Feature", "properties": {"roadId": "Rd-0495", "name": null, "nameStatus": "missing", "roadType": null, "lengthM": 149.3}, "geometry": {"type": "LineString", "coordinates": [[100.3593464, 15.2493764], [100.3599332, 15.249137], [100.3606029, 15.2488013]]}}, {"type": "Feature", "properties": {"roadId": "Rd-0496", "name": null, "nameStatus": "missing", "roadType": null, "lengthM": 370.8}, "geometry": {"type": "LineString", "coordinates": [[100.3595845, 15.2460964], [100.3594963, 15.2450041], [100.3593484, 15.2440558], [100.3593996, 15.2438961], [100.3595409, 15.2438228], [100.3599344, 15.2436675], [100.359909, 15.2435178], [100.359876, 15.2433227], [100.3600469, 15.2431909]]}}, {"type": "Feature", "properties": {"roadId": "Rd-0497", "name": null, "nameStatus": "missing", "roadType": "ค.ส.ล.", "lengthM": 1997.8}, "geometry": {"type": "LineString", "coordinates": [[100.3616808, 15.2101949], [100.3684214, 15.2163684], [100.3685419, 15.2165319], [100.3685453, 15.2166792], [100.367419, 15.2179106], [100.3624722, 15.2230915]]}}, {"type": "Feature", "properties": {"roadId": "Rd-0498", "name": null, "nameStatus": "missing", "roadType": "ค.ส.ล.", "lengthM": 450.8}, "geometry": {"type": "LineString", "coordinates": [[100.3565479, 15.220011], [100.3563789, 15.2211213], [100.3563315, 15.2212093], [100.3561086, 15.2225852], [100.3560648, 15.2240451]]}}, {"type": "Feature", "properties": {"roadId": "Rd-0499", "name": null, "nameStatus": "missing", "roadType": "ค.ส.ล.", "lengthM": 194.7}, "geometry": {"type": "LineString", "coordinates": [[100.3429969, 15.2422247], [100.3426342, 15.2421348], [100.3424609, 15.2419852], [100.3421746, 15.2417107], [100.3420172, 15.2413601], [100.3419114, 15.2409758]]}}, {"type": "Feature", "properties": {"roadId": "Rd-0500", "name": null, "nameStatus": "missing", "roadType": null, "lengthM": 118.5}, "geometry": {"type": "LineString", "coordinates": [[100.3572262, 15.2327254], [100.3568572, 15.2326264], [100.3563816, 15.2326595], [100.3561391, 15.2326431]]}}, {"type": "Feature", "properties": {"roadId": "Rd-0501", "name": null, "nameStatus": "missing", "roadType": null, "lengthM": 182.5}, "geometry": {"type": "LineString", "coordinates": [[100.3554119, 15.2331491], [100.3557058, 15.233126], [100.3566843, 15.2330631], [100.3570947, 15.233166]]}}, {"type": "Feature", "properties": {"roadId": "Rd-0502", "name": null, "nameStatus": "missing", "roadType": null, "lengthM": 158.2}, "geometry": {"type": "LineString", "coordinates": [[100.3539103, 15.2332049], [100.3553822, 15.2331537]]}}, {"type": "Feature", "properties": {"roadId": "Rd-0503", "name": "ทางสาธารณะ", "nameStatus": "ok", "roadType": "ค.ส.ล.", "lengthM": 215.6}, "geometry": {"type": "LineString", "coordinates": [[100.3574053, 15.226973], [100.3593765, 15.2273417]]}}, {"type": "Feature", "properties": {"roadId": "Rd-0504", "name": null, "nameStatus": "missing", "roadType": "ค.ส.ล.", "lengthM": 158.6}, "geometry": {"type": "LineString", "coordinates": [[100.358986, 15.2272622], [100.3590251, 15.2270281], [100.3578176, 15.2267912]]}}, {"type": "Feature", "properties": {"roadId": "Rd-0505", "name": null, "nameStatus": "missing", "roadType": null, "lengthM": 639.4}, "geometry": {"type": "LineString", "coordinates": [[100.3617258, 15.2237057], [100.3615054, 15.2235674], [100.361153, 15.2234637], [100.3605738, 15.2234521], [100.3601069, 15.223464], [100.3600065, 15.2233407], [100.359294, 15.2234115], [100.3582914, 15.2233964], [100.3573209, 15.2233471], [100.3572582, 15.2234515], [100.3572237, 15.2236389], [100.3561228, 15.2236029]]}}, {"type": "Feature", "properties": {"roadId": "Rd-0506", "name": null, "nameStatus": "missing", "roadType": null, "lengthM": 73.2}, "geometry": {"type": "LineString", "coordinates": [[100.3600018, 15.2233437], [100.3599935, 15.2232576], [100.3600773, 15.2232163], [100.360326, 15.2231634], [100.360569, 15.2231861]]}}, {"type": "Feature", "properties": {"roadId": "Rd-0507", "name": null, "nameStatus": "missing", "roadType": null, "lengthM": 520.1}, "geometry": {"type": "LineString", "coordinates": [[100.3623972, 15.2228138], [100.3602741, 15.220886], [100.3615789, 15.2194996]]}}, {"type": "Feature", "properties": {"roadId": "Rd-0508", "name": null, "nameStatus": "missing", "roadType": null, "lengthM": 682.0}, "geometry": {"type": "LineString", "coordinates": [[100.3610871, 15.2199953], [100.3573294, 15.2165901], [100.3564786, 15.2174235]]}}, {"type": "Feature", "properties": {"roadId": "Rd-0509", "name": null, "nameStatus": "missing", "roadType": null, "lengthM": 674.2}, "geometry": {"type": "LineString", "coordinates": [[100.3556865, 15.2167119], [100.3602709, 15.2208739]]}}, {"type": "Feature", "properties": {"roadId": "Rd-0510", "name": null, "nameStatus": "missing", "roadType": null, "lengthM": 127.7}, "geometry": {"type": "LineString", "coordinates": [[100.3596007, 15.2202552], [100.3604172, 15.219416]]}}, {"type": "Feature", "properties": {"roadId": "Rd-0511", "name": null, "nameStatus": "missing", "roadType": null, "lengthM": 126.8}, "geometry": {"type": "LineString", "coordinates": [[100.3592184, 15.2198706], [100.3600224, 15.2190314]]}}, {"type": "Feature", "properties": {"roadId": "Rd-0512", "name": null, "nameStatus": "missing", "roadType": null, "lengthM": 194.9}, "geometry": {"type": "LineString", "coordinates": [[100.3582165, 15.218994], [100.3590267, 15.2181427], [100.3593112, 15.2178447], [100.3593411, 15.2176511]]}}, {"type": "Feature", "properties": {"roadId": "Rd-0513", "name": null, "nameStatus": "missing", "roadType": null, "lengthM": 218.5}, "geometry": {"type": "LineString", "coordinates": [[100.3571518, 15.218015], [100.358556, 15.2165857]]}}, {"type": "Feature", "properties": {"roadId": "Rd-0514", "name": null, "nameStatus": "missing", "roadType": null, "lengthM": 700.7}, "geometry": {"type": "LineString", "coordinates": [[100.3557303, 15.2167479], [100.3554199, 15.2167751], [100.3509035, 15.2126355]]}}, {"type": "Feature", "properties": {"roadId": "Rd-0515", "name": null, "nameStatus": "missing", "roadType": "ค.ส.ล.", "lengthM": 305.9}, "geometry": {"type": "LineString", "coordinates": [[100.3537151, 15.234449], [100.3552825, 15.2344579], [100.3565628, 15.2344422]]}}, {"type": "Feature", "properties": {"roadId": "Rd-0516", "name": null, "nameStatus": "missing", "roadType": "ค.ส.ล.", "lengthM": 140.4}, "geometry": {"type": "LineString", "coordinates": [[100.3544529, 15.2357263], [100.3544738, 15.2344578]]}}, {"type": "Feature", "properties": {"roadId": "Rd-0517", "name": null, "nameStatus": "missing", "roadType": null, "lengthM": 69.0}, "geometry": {"type": "LineString", "coordinates": [[100.3462785, 15.2427641], [100.3462187, 15.2425753], [100.346215, 15.2425338], [100.3462172, 15.2424295], [100.3462194, 15.2422838], [100.3462077, 15.2421499]]}}, {"type": "Feature", "properties": {"roadId": "Rd-0518", "name": null, "nameStatus": "missing", "roadType": null, "lengthM": 998.5}, "geometry": {"type": "LineString", "coordinates": [[100.3439981, 15.2440893], [100.343992, 15.2445617], [100.3439438, 15.2448402], [100.3437789, 15.2453799], [100.3437249, 15.2454685], [100.3435898, 15.2456724], [100.3435505, 15.2459376], [100.3435331, 15.2460613], [100.3434346, 15.2462959], [100.3433854, 15.2464287], [100.3433641, 15.246835], [100.3433927, 15.2472267], [100.34343, 15.2473623], [100.343464, 15.2477021], [100.3435125, 15.2478298], [100.3435126, 15.2482029], [100.3435249, 15.248353], [100.3436151, 15.248582], [100.3438705, 15.2494106], [100.3439506, 15.2494918], [100.3440514, 15.2496148], [100.3441894, 15.2498502], [100.3445623, 15.2505589], [100.344634, 15.2506666], [100.3449068, 15.2513687], [100.3451833, 15.2526497]]}}, {"type": "Feature", "properties": {"roadId": "Rd-0519", "name": null, "nameStatus": "missing", "roadType": null, "lengthM": 377.5}, "geometry": {"type": "LineString", "coordinates": [[100.3419529, 15.2445623], [100.3421089, 15.2447778], [100.3421866, 15.2448347], [100.3423461, 15.2448956], [100.342538, 15.2450313], [100.3427072, 15.2451716], [100.3427902, 15.2453609], [100.3428391, 15.2457106], [100.3428746, 15.2459311], [100.3429875, 15.2461766], [100.3430385, 15.2463242], [100.3430536, 15.2463782], [100.343053, 15.2464511], [100.3430388, 15.2465428], [100.3430085, 15.2466191], [100.3430404, 15.2471643], [100.3430794, 15.2472148], [100.3431616, 15.2472717], [100.3432571, 15.2472645], [100.3433911, 15.247246]]}}, {"type": "Feature", "properties": {"roadId": "Rd-0520", "name": null, "nameStatus": "missing", "roadType": null, "lengthM": 35.8}, "geometry": {"type": "LineString", "coordinates": [[100.3433568, 15.2468444], [100.3430249, 15.2468751]]}}, {"type": "Feature", "properties": {"roadId": "Rd-0521", "name": null, "nameStatus": "missing", "roadType": null, "lengthM": 373.7}, "geometry": {"type": "LineString", "coordinates": [[100.3430335, 15.2471555], [100.3428067, 15.2472495], [100.3426579, 15.2474469], [100.3426109, 15.247562], [100.3424235, 15.2477729], [100.342088, 15.2479382], [100.3420065, 15.2479961], [100.3421595, 15.2484632], [100.3423551, 15.2484577], [100.3425684, 15.248399], [100.3427725, 15.2482962], [100.3430439, 15.2480738], [100.3431476, 15.2479275], [100.3432426, 15.2478518], [100.3433427, 15.2478468], [100.3435112, 15.2478944]]}}, {"type": "Feature", "properties": {"roadId": "Rd-0522", "name": null, "nameStatus": "missing", "roadType": null, "lengthM": 585.4}, "geometry": {"type": "LineString", "coordinates": [[100.358898, 15.2389656], [100.357872, 15.2390657], [100.3578389, 15.2406054], [100.3550066, 15.240659]]}}, {"type": "Feature", "properties": {"roadId": "Rd-0523", "name": null, "nameStatus": "missing", "roadType": "น้ำ", "lengthM": 14142.6}, "geometry": {"type": "LineString", "coordinates": [[100.276839, 15.2503486], [100.3366622, 15.2259024], [100.3381476, 15.2249628], [100.3676708, 15.1946888], [100.3687305, 15.193855], [100.3700577, 15.1932264], [100.3780382, 15.1921435], [100.3890504, 15.1905245]]}}, {"type": "Feature", "properties": {"roadId": "Rd-0524", "name": null, "nameStatus": "missing", "roadType": "ค.ส.ล.", "lengthM": 247.6}, "geometry": {"type": "LineString", "coordinates": [[100.3635773, 15.2514577], [100.3635839, 15.2514562], [100.3636858, 15.2503424], [100.3634451, 15.2492538]]}}, {"type": "Feature", "properties": {"roadId": "Rd-0525", "name": null, "nameStatus": "missing", "roadType": "ค.ส.ล.", "lengthM": 75.7}, "geometry": {"type": "LineString", "coordinates": [[100.345776, 15.2694907], [100.3463325, 15.2690706]]}}, {"type": "Feature", "properties": {"roadId": "Rd-0526", "name": null, "nameStatus": "missing", "roadType": "ค.ส.ล.", "lengthM": 70.0}, "geometry": {"type": "LineString", "coordinates": [[100.345573, 15.2691345], [100.3460935, 15.2687532]]}}, {"type": "Feature", "properties": {"roadId": "Rd-0527", "name": "ซ.ลักขณา", "nameStatus": "ok", "roadType": "ค.ส.ล.", "lengthM": 42.6}, "geometry": {"type": "LineString", "coordinates": [[100.3357223, 15.2642478], [100.3358275, 15.2638766]]}}, {"type": "Feature", "properties": {"roadId": "Rd-0528", "name": null, "nameStatus": "missing", "roadType": null, "lengthM": 180.2}, "geometry": {"type": "LineString", "coordinates": [[100.3375215, 15.2647299], [100.3375939, 15.2644879], [100.3382762, 15.264668], [100.338698, 15.2647504], [100.3386615, 15.2650208]]}}, {"type": "Feature", "properties": {"roadId": "Rd-0529", "name": null, "nameStatus": "missing", "roadType": null, "lengthM": 73.5}, "geometry": {"type": "LineString", "coordinates": [[100.3386967, 15.2647504], [100.3387373, 15.2645492], [100.3392093, 15.2645763]]}}, {"type": "Feature", "properties": {"roadId": "Rd-0530", "name": null, "nameStatus": "missing", "roadType": null, "lengthM": 216.0}, "geometry": {"type": "LineString", "coordinates": [[100.3403381, 15.2647421], [100.3394895, 15.2646917], [100.339619, 15.2641674], [100.3402243, 15.2641685]]}}, {"type": "Feature", "properties": {"roadId": "Rd-0531", "name": null, "nameStatus": "missing", "roadType": "ค.ส.ล.", "lengthM": 43.8}, "geometry": {"type": "LineString", "coordinates": [[100.357765, 15.2270401], [100.3578454, 15.2266522]]}}, {"type": "Feature", "properties": {"roadId": "Rd-0532", "name": null, "nameStatus": "missing", "roadType": "ค.ส.ล.", "lengthM": 46.5}, "geometry": {"type": "LineString", "coordinates": [[100.3484767, 15.2574728], [100.3488882, 15.2576047]]}}, {"type": "Feature", "properties": {"roadId": "Rd-0533", "name": null, "nameStatus": "missing", "roadType": null, "lengthM": 94.7}, "geometry": {"type": "LineString", "coordinates": [[100.3387698, 15.2670238], [100.338833, 15.2676259], [100.3385777, 15.267666]]}}, {"type": "Feature", "properties": {"roadId": "Rd-0534", "name": null, "nameStatus": "missing", "roadType": null, "lengthM": 69.8}, "geometry": {"type": "LineString", "coordinates": [[100.3384095, 15.2670481], [100.3384924, 15.2676207], [100.3385024, 15.2676722]]}}]}